account_id,month,eway_bills_used,firms_count_that_month,hit_eway_cap
VYP100000,4/1/2026,7,2,FALSE
VYP100000,5/1/2026,8,2,FALSE
VYP100000,6/1/2026,10,2,TRUE
VYP100000,7/1/2026,16,2,TRUE
VYP100000,8/1/2026,16,2,TRUE
VYP100000,9/1/2026,14,2,TRUE
VYP100001,4/1/2026,5,1,FALSE
VYP100001,5/1/2026,7,1,FALSE
VYP100001,6/1/2026,9,1,FALSE
VYP100001,7/1/2026,10,1,TRUE
VYP100001,8/1/2026,12,1,TRUE
VYP100001,9/1/2026,17,1,TRUE
VYP100002,4/1/2026,3,3,FALSE
VYP100002,5/1/2026,5,3,FALSE
VYP100002,7/1/2026,8,3,FALSE
VYP100002,8/1/2026,9,3,FALSE
VYP100002,9/1/2026,14,3,TRUE
VYP100003,4/1/2026,4,2,FALSE
VYP100003,5/1/2026,2,2,FALSE
VYP100003,6/1/2026,3,2,FALSE
VYP100003,7/1/2026,2,2,FALSE
VYP100003,8/1/2026,4,2,FALSE
VYP100003,9/1/2026,4,2,FALSE
VYP100004,4/1/2026,6,1,FALSE
VYP100004,5/1/2026,8,1,FALSE
VYP100004,6/1/2026,8,1,FALSE
VYP100004,7/1/2026,15,1,TRUE
VYP100004,8/1/2026,13,1,TRUE
VYP100004,9/1/2026,15,1,TRUE
VYP100005,4/1/2026,2,2,FALSE
VYP100005,5/1/2026,3,2,FALSE
VYP100005,6/1/2026,5,2,FALSE
VYP100005,7/1/2026,1,2,FALSE
VYP100005,8/1/2026,4,2,FALSE
VYP100005,9/1/2026,3,2,FALSE
VYP100006,4/1/2026,3,1,FALSE
VYP100006,5/1/2026,1,1,FALSE
VYP100006,6/1/2026,4,1,FALSE
VYP100006,7/1/2026,2,1,FALSE
VYP100006,8/1/2026,6,1,FALSE
VYP100006,9/1/2026,4,1,FALSE
VYP100007,4/1/2026,2,3,FALSE
VYP100007,5/1/2026,2,3,FALSE
VYP100007,7/1/2026,6,3,FALSE
VYP100007,8/1/2026,4,3,FALSE
VYP100007,9/1/2026,3,3,FALSE
VYP100008,4/1/2026,6,3,FALSE
VYP100008,5/1/2026,6,3,FALSE
VYP100008,6/1/2026,6,3,FALSE
VYP100008,7/1/2026,4,3,FALSE
VYP100008,9/1/2026,4,3,FALSE
VYP100009,4/1/2026,2,3,FALSE
VYP100009,5/1/2026,1,3,FALSE
VYP100009,6/1/2026,4,3,FALSE
VYP100009,7/1/2026,4,3,FALSE
VYP100009,8/1/2026,3,3,FALSE
VYP100009,9/1/2026,3,3,FALSE
VYP100010,4/1/2026,7,1,FALSE
VYP100010,5/1/2026,10,1,FALSE
VYP100010,6/1/2026,12,1,TRUE
VYP100010,8/1/2026,18,1,TRUE
VYP100010,9/1/2026,18,1,TRUE
VYP100011,4/1/2026,5,1,FALSE
VYP100011,5/1/2026,5,1,FALSE
VYP100011,6/1/2026,5,1,FALSE
VYP100011,7/1/2026,8,1,FALSE
VYP100011,8/1/2026,8,1,FALSE
VYP100011,9/1/2026,8,1,FALSE
VYP100012,4/1/2026,5,1,FALSE
VYP100012,5/1/2026,4,1,FALSE
VYP100012,6/1/2026,6,1,FALSE
VYP100012,7/1/2026,4,1,FALSE
VYP100012,8/1/2026,4,1,FALSE
VYP100012,9/1/2026,4,1,FALSE
VYP100013,4/1/2026,3,1,FALSE
VYP100013,5/1/2026,2,1,FALSE
VYP100013,6/1/2026,5,1,FALSE
VYP100013,7/1/2026,4,1,FALSE
VYP100013,8/1/2026,3,1,FALSE
VYP100013,9/1/2026,3,1,FALSE
VYP100014,4/1/2026,5,1,FALSE
VYP100014,5/1/2026,6,1,FALSE
VYP100014,6/1/2026,4,1,FALSE
VYP100014,7/1/2026,5,1,FALSE
VYP100014,8/1/2026,7,1,FALSE
VYP100014,9/1/2026,7,1,FALSE
VYP100015,4/1/2026,2,1,FALSE
VYP100015,5/1/2026,6,1,FALSE
VYP100015,6/1/2026,4,1,FALSE
VYP100015,7/1/2026,3,1,FALSE
VYP100015,8/1/2026,5,1,FALSE
VYP100015,9/1/2026,4,1,FALSE
VYP100016,4/1/2026,3,3,FALSE
VYP100016,5/1/2026,5,3,FALSE
VYP100016,6/1/2026,8,3,FALSE
VYP100016,7/1/2026,9,3,FALSE
VYP100016,8/1/2026,10,3,TRUE
VYP100016,9/1/2026,12,3,TRUE
VYP100017,4/1/2026,5,1,FALSE
VYP100017,5/1/2026,6,1,FALSE
VYP100017,6/1/2026,5,1,FALSE
VYP100017,7/1/2026,5,1,FALSE
VYP100017,8/1/2026,5,1,FALSE
VYP100017,9/1/2026,4,1,FALSE
VYP100018,4/1/2026,5,1,FALSE
VYP100018,5/1/2026,5,1,FALSE
VYP100018,6/1/2026,7,1,FALSE
VYP100018,7/1/2026,4,1,FALSE
VYP100018,8/1/2026,4,1,FALSE
VYP100018,9/1/2026,8,1,FALSE
VYP100019,4/1/2026,2,2,FALSE
VYP100019,5/1/2026,3,2,FALSE
VYP100019,6/1/2026,3,2,FALSE
VYP100019,7/1/2026,4,2,FALSE
VYP100019,8/1/2026,3,2,FALSE
VYP100019,9/1/2026,3,2,FALSE
VYP100020,4/1/2026,2,2,FALSE
VYP100020,5/1/2026,6,2,FALSE
VYP100020,6/1/2026,6,2,FALSE
VYP100020,7/1/2026,7,2,FALSE
VYP100020,8/1/2026,6,2,FALSE
VYP100020,9/1/2026,6,2,FALSE
VYP100021,4/1/2026,5,2,FALSE
VYP100021,5/1/2026,5,2,FALSE
VYP100021,6/1/2026,3,2,FALSE
VYP100021,7/1/2026,3,2,FALSE
VYP100021,8/1/2026,3,2,FALSE
VYP100021,9/1/2026,3,2,FALSE
VYP100022,4/1/2026,1,2,FALSE
VYP100022,5/1/2026,3,2,FALSE
VYP100022,6/1/2026,2,2,FALSE
VYP100022,7/1/2026,4,2,FALSE
VYP100022,8/1/2026,3,2,FALSE
VYP100022,9/1/2026,1,2,FALSE
VYP100023,4/1/2026,6,3,FALSE
VYP100023,5/1/2026,5,3,FALSE
VYP100023,6/1/2026,5,3,FALSE
VYP100023,7/1/2026,5,3,FALSE
VYP100023,8/1/2026,4,3,FALSE
VYP100023,9/1/2026,5,3,FALSE
VYP100024,4/1/2026,4,2,FALSE
VYP100024,5/1/2026,7,2,FALSE
VYP100024,6/1/2026,9,2,FALSE
VYP100024,7/1/2026,12,2,TRUE
VYP100024,8/1/2026,16,2,TRUE
VYP100024,9/1/2026,13,2,TRUE
VYP100025,4/1/2026,5,1,FALSE
VYP100025,5/1/2026,4,1,FALSE
VYP100025,7/1/2026,3,1,FALSE
VYP100025,8/1/2026,6,1,FALSE
VYP100025,9/1/2026,5,1,FALSE
VYP100026,4/1/2026,5,2,FALSE
VYP100026,5/1/2026,6,2,FALSE
VYP100026,6/1/2026,8,2,FALSE
VYP100026,7/1/2026,3,2,FALSE
VYP100026,8/1/2026,10,2,FALSE
VYP100026,9/1/2026,5,2,FALSE
VYP100027,4/1/2026,1,1,FALSE
VYP100027,5/1/2026,4,1,FALSE
VYP100027,6/1/2026,6,1,FALSE
VYP100027,7/1/2026,7,1,FALSE
VYP100027,8/1/2026,12,1,TRUE
VYP100027,9/1/2026,14,1,TRUE
VYP100028,4/1/2026,8,1,FALSE
VYP100028,5/1/2026,7,1,FALSE
VYP100028,6/1/2026,4,1,FALSE
VYP100028,7/1/2026,4,1,FALSE
VYP100028,8/1/2026,6,1,FALSE
VYP100028,9/1/2026,6,1,FALSE
VYP100029,4/1/2026,3,1,FALSE
VYP100029,5/1/2026,4,1,FALSE
VYP100029,6/1/2026,2,1,FALSE
VYP100029,7/1/2026,1,1,FALSE
VYP100029,8/1/2026,2,1,FALSE
VYP100029,9/1/2026,0,1,FALSE
VYP100030,4/1/2026,2,1,FALSE
VYP100030,5/1/2026,1,1,FALSE
VYP100030,6/1/2026,5,1,FALSE
VYP100030,7/1/2026,4,1,FALSE
VYP100030,8/1/2026,4,1,FALSE
VYP100030,9/1/2026,2,1,FALSE
VYP100031,4/1/2026,1,2,FALSE
VYP100031,5/1/2026,2,2,FALSE
VYP100031,6/1/2026,7,2,FALSE
VYP100031,7/1/2026,3,2,FALSE
VYP100031,8/1/2026,1,2,FALSE
VYP100031,9/1/2026,3,2,FALSE
VYP100032,4/1/2026,4,1,FALSE
VYP100032,5/1/2026,2,1,FALSE
VYP100032,7/1/2026,5,1,FALSE
VYP100032,8/1/2026,0,1,FALSE
VYP100032,9/1/2026,2,1,FALSE
VYP100033,4/1/2026,7,1,FALSE
VYP100033,5/1/2026,6,1,FALSE
VYP100033,6/1/2026,7,1,FALSE
VYP100033,7/1/2026,6,1,FALSE
VYP100033,8/1/2026,6,1,FALSE
VYP100034,4/1/2026,6,1,FALSE
VYP100034,5/1/2026,3,1,FALSE
VYP100034,6/1/2026,5,1,FALSE
VYP100034,7/1/2026,8,1,FALSE
VYP100034,8/1/2026,5,1,FALSE
VYP100034,9/1/2026,2,1,FALSE
VYP100035,4/1/2026,3,2,FALSE
VYP100035,5/1/2026,7,2,FALSE
VYP100035,6/1/2026,5,2,FALSE
VYP100035,7/1/2026,4,2,FALSE
VYP100035,8/1/2026,3,2,FALSE
VYP100035,9/1/2026,3,2,FALSE
VYP100036,4/1/2026,3,1,FALSE
VYP100036,5/1/2026,4,1,FALSE
VYP100036,6/1/2026,3,1,FALSE
VYP100036,7/1/2026,3,1,FALSE
VYP100036,8/1/2026,4,1,FALSE
VYP100036,9/1/2026,2,1,FALSE
VYP100037,4/1/2026,3,2,FALSE
VYP100037,5/1/2026,3,2,FALSE
VYP100037,6/1/2026,5,2,FALSE
VYP100037,7/1/2026,4,2,FALSE
VYP100037,8/1/2026,4,2,FALSE
VYP100037,9/1/2026,5,2,FALSE
VYP100038,4/1/2026,2,3,FALSE
VYP100038,5/1/2026,1,3,FALSE
VYP100038,6/1/2026,4,3,FALSE
VYP100038,7/1/2026,6,3,FALSE
VYP100038,8/1/2026,2,3,FALSE
VYP100038,9/1/2026,3,3,FALSE
VYP100039,4/1/2026,4,1,FALSE
VYP100039,5/1/2026,5,1,FALSE
VYP100039,6/1/2026,3,1,FALSE
VYP100039,7/1/2026,6,1,FALSE
VYP100039,8/1/2026,3,1,FALSE
VYP100039,9/1/2026,4,1,FALSE
VYP100040,4/1/2026,2,2,FALSE
VYP100040,4/1/2026,2,2,FALSE
VYP100040,5/1/2026,3,2,FALSE
VYP100040,6/1/2026,5,2,FALSE
VYP100040,7/1/2026,4,2,FALSE
VYP100040,8/1/2026,4,2,FALSE
VYP100040,9/1/2026,5,2,FALSE
VYP100041,4/1/2026,8,1,FALSE
VYP100041,5/1/2026,5,1,FALSE
VYP100041,6/1/2026,6,1,FALSE
VYP100041,7/1/2026,5,1,FALSE
VYP100041,8/1/2026,4,1,FALSE
VYP100042,4/1/2026,3,1,FALSE
VYP100042,5/1/2026,2,1,FALSE
VYP100042,6/1/2026,2,1,FALSE
VYP100042,7/1/2026,3,1,FALSE
VYP100042,8/1/2026,3,1,FALSE
VYP100042,9/1/2026,2,1,FALSE
VYP100043,4/1/2026,1,2,FALSE
VYP100043,5/1/2026,3,2,FALSE
VYP100043,6/1/2026,1,2,FALSE
VYP100043,7/1/2026,1,2,FALSE
VYP100043,8/1/2026,2,2,FALSE
VYP100043,9/1/2026,3,2,FALSE
VYP100044,4/1/2026,3,3,FALSE
VYP100044,5/1/2026,5,3,FALSE
VYP100044,6/1/2026,6,3,FALSE
VYP100044,7/1/2026,7,3,FALSE
VYP100044,8/1/2026,6,3,FALSE
VYP100044,9/1/2026,5,3,FALSE
VYP100045,4/1/2026,4,1,FALSE
VYP100045,5/1/2026,7,1,FALSE
VYP100045,6/1/2026,2,1,FALSE
VYP100045,7/1/2026,4,1,FALSE
VYP100045,8/1/2026,5,1,FALSE
VYP100045,9/1/2026,4,1,FALSE
VYP100046,4/1/2026,4,2,FALSE
VYP100046,5/1/2026,5,2,FALSE
VYP100046,6/1/2026,9,3,FALSE
VYP100046,7/1/2026,11,3,TRUE
VYP100046,8/1/2026,11,3,TRUE
VYP100046,9/1/2026,11,3,TRUE
VYP100047,4/1/2026,5,1,FALSE
VYP100047,5/1/2026,5,1,FALSE
VYP100047,6/1/2026,8,1,FALSE
VYP100047,7/1/2026,10,1,TRUE
VYP100047,8/1/2026,9,2,FALSE
VYP100047,9/1/2026,12,2,TRUE
VYP100048,4/1/2026,4,2,FALSE
VYP100048,6/1/2026,4,2,FALSE
VYP100048,8/1/2026,5,2,FALSE
VYP100048,9/1/2026,9,2,FALSE
VYP100049,4/1/2026,6,2,FALSE
VYP100049,5/1/2026,6,2,FALSE
VYP100049,7/1/2026,5,2,FALSE
VYP100049,9/1/2026,4,2,FALSE
VYP100050,4/1/2026,6,2,FALSE
VYP100050,5/1/2026,4,2,FALSE
VYP100050,6/1/2026,3,2,FALSE
VYP100050,7/1/2026,2,2,FALSE
VYP100050,8/1/2026,4,2,FALSE
VYP100050,9/1/2026,3,2,FALSE
VYP100051,4/1/2026,5,2,FALSE
VYP100051,5/1/2026,3,2,FALSE
VYP100051,6/1/2026,2,2,FALSE
VYP100051,7/1/2026,4,2,FALSE
VYP100051,8/1/2026,1,2,FALSE
VYP100051,9/1/2026,5,2,FALSE
VYP100052,4/1/2026,6,1,FALSE
VYP100052,5/1/2026,4,1,FALSE
VYP100052,6/1/2026,3,1,FALSE
VYP100052,7/1/2026,7,1,FALSE
VYP100052,8/1/2026,5,1,FALSE
VYP100052,9/1/2026,3,1,FALSE
VYP100053,4/1/2026,5,2,FALSE
VYP100053,5/1/2026,3,2,FALSE
VYP100053,6/1/2026,3,2,FALSE
VYP100053,7/1/2026,7,2,FALSE
VYP100053,9/1/2026,6,2,FALSE
VYP100054,4/1/2026,3,2,FALSE
VYP100054,5/1/2026,4,2,FALSE
VYP100054,6/1/2026,3,2,FALSE
VYP100054,7/1/2026,6,2,FALSE
VYP100054,8/1/2026,5,2,FALSE
VYP100054,9/1/2026,4,2,FALSE
VYP100055,4/1/2026,8,2,FALSE
VYP100055,5/1/2026,4,2,FALSE
VYP100055,6/1/2026,6,2,FALSE
VYP100055,7/1/2026,4,2,FALSE
VYP100055,8/1/2026,6,2,FALSE
VYP100055,9/1/2026,4,2,FALSE
VYP100056,4/1/2026,6,1,FALSE
VYP100056,5/1/2026,6,1,FALSE
VYP100056,6/1/2026,6,1,FALSE
VYP100056,7/1/2026,4,1,FALSE
VYP100056,8/1/2026,4,1,FALSE
VYP100056,9/1/2026,5,1,FALSE
VYP100057,4/1/2026,5,1,FALSE
VYP100057,5/1/2026,5,1,FALSE
VYP100057,6/1/2026,5,1,FALSE
VYP100057,7/1/2026,5,1,FALSE
VYP100057,8/1/2026,4,1,FALSE
VYP100057,9/1/2026,7,1,FALSE
VYP100058,4/1/2026,9,1,FALSE
VYP100058,5/1/2026,10,1,FALSE
VYP100058,6/1/2026,13,2,TRUE
VYP100058,7/1/2026,15,2,TRUE
VYP100058,8/1/2026,16,2,TRUE
VYP100058,9/1/2026,17,2,TRUE
VYP100059,4/1/2026,6,1,FALSE
VYP100059,5/1/2026,5,1,FALSE
VYP100059,6/1/2026,6,1,FALSE
VYP100059,7/1/2026,6,1,FALSE
VYP100059,8/1/2026,6,1,FALSE
VYP100059,9/1/2026,4,1,FALSE
VYP100060,4/1/2026,5,1,FALSE
VYP100060,5/1/2026,3,1,FALSE
VYP100060,6/1/2026,7,1,FALSE
VYP100060,7/1/2026,5,1,FALSE
VYP100060,8/1/2026,5,1,FALSE
VYP100060,9/1/2026,5,1,FALSE
VYP100061,4/1/2026,3,1,FALSE
VYP100061,5/1/2026,4,1,FALSE
VYP100061,6/1/2026,5,1,FALSE
VYP100061,7/1/2026,3,1,FALSE
VYP100061,8/1/2026,4,1,FALSE
VYP100061,9/1/2026,4,1,FALSE
VYP100062,4/1/2026,2,2,FALSE
VYP100062,5/1/2026,1,2,FALSE
VYP100062,6/1/2026,6,2,FALSE
VYP100062,7/1/2026,1,2,FALSE
VYP100062,8/1/2026,2,2,FALSE
VYP100062,9/1/2026,2,2,FALSE
VYP100063,4/1/2026,5,1,FALSE
VYP100063,5/1/2026,7,1,FALSE
VYP100063,6/1/2026,10,1,TRUE
VYP100063,7/1/2026,11,2,TRUE
VYP100063,8/1/2026,12,2,TRUE
VYP100063,9/1/2026,15,2,TRUE
VYP100064,4/1/2026,5,2,FALSE
VYP100064,5/1/2026,6,2,FALSE
VYP100064,6/1/2026,10,2,TRUE
VYP100064,7/1/2026,11,3,TRUE
VYP100064,8/1/2026,15,3,TRUE
VYP100064,9/1/2026,17,3,TRUE
VYP100065,4/1/2026,4,1,FALSE
VYP100065,5/1/2026,4,1,FALSE
VYP100065,6/1/2026,3,1,FALSE
VYP100065,8/1/2026,4,1,FALSE
VYP100065,9/1/2026,4,1,FALSE
VYP100066,4/1/2026,3,2,FALSE
VYP100066,5/1/2026,7,2,FALSE
VYP100066,6/1/2026,0,2,FALSE
VYP100066,7/1/2026,4,2,FALSE
VYP100066,8/1/2026,3,2,FALSE
VYP100066,9/1/2026,5,2,FALSE
VYP100067,4/1/2026,3,1,FALSE
VYP100067,5/1/2026,5,1,FALSE
VYP100067,6/1/2026,8,1,FALSE
VYP100067,7/1/2026,7,2,FALSE
VYP100067,8/1/2026,10,2,TRUE
VYP100067,9/1/2026,10,2,TRUE
VYP100068,5/1/2026,4,1,FALSE
VYP100068,6/1/2026,6,1,FALSE
VYP100068,7/1/2026,6,1,FALSE
VYP100068,7/1/2026,6,1,FALSE
VYP100068,8/1/2026,5,1,FALSE
VYP100068,9/1/2026,3,1,FALSE
VYP100069,4/1/2026,4,2,FALSE
VYP100069,5/1/2026,3,2,FALSE
VYP100069,6/1/2026,5,2,FALSE
VYP100069,7/1/2026,4,2,FALSE
VYP100069,8/1/2026,5,2,FALSE
VYP100069,9/1/2026,1,2,FALSE
VYP100070,4/1/2026,4,3,FALSE
VYP100070,5/1/2026,1,3,FALSE
VYP100070,6/1/2026,1,3,FALSE
VYP100070,7/1/2026,1,3,FALSE
VYP100070,8/1/2026,4,3,FALSE
VYP100070,9/1/2026,4,3,FALSE
VYP100071,4/1/2026,4,1,FALSE
VYP100071,5/1/2026,5,1,FALSE
VYP100071,6/1/2026,5,1,FALSE
VYP100071,7/1/2026,6,1,FALSE
VYP100071,8/1/2026,7,1,FALSE
VYP100071,9/1/2026,8,1,FALSE
VYP100072,4/1/2026,4,1,FALSE
VYP100072,5/1/2026,7,1,FALSE
VYP100072,6/1/2026,9,1,FALSE
VYP100072,7/1/2026,10,1,TRUE
VYP100072,8/1/2026,14,1,TRUE
VYP100072,9/1/2026,17,1,TRUE
VYP100073,4/1/2026,3,2,FALSE
VYP100073,5/1/2026,6,2,FALSE
VYP100073,6/1/2026,3,2,FALSE
VYP100073,7/1/2026,6,2,FALSE
VYP100073,8/1/2026,3,2,FALSE
VYP100073,9/1/2026,3,2,FALSE
VYP100074,4/1/2026,7,2,FALSE
VYP100074,5/1/2026,6,2,FALSE
VYP100074,6/1/2026,6,2,FALSE
VYP100074,7/1/2026,6,2,FALSE
VYP100074,8/1/2026,5,2,FALSE
VYP100074,9/1/2026,6,2,FALSE
VYP100075,4/1/2026,2,1,FALSE
VYP100075,5/1/2026,3,1,FALSE
VYP100075,6/1/2026,2,1,FALSE
VYP100075,7/1/2026,4,1,FALSE
VYP100075,8/1/2026,2,1,FALSE
VYP100075,9/1/2026,2,1,FALSE
VYP100076,4/1/2026,8,1,FALSE
VYP100076,5/1/2026,4,1,FALSE
VYP100076,6/1/2026,7,1,FALSE
VYP100076,7/1/2026,6,1,FALSE
VYP100076,8/1/2026,5,1,FALSE
VYP100076,9/1/2026,8,1,FALSE
VYP100077,4/1/2026,3,1,FALSE
VYP100077,5/1/2026,3,1,FALSE
VYP100077,6/1/2026,4,1,FALSE
VYP100077,7/1/2026,5,1,FALSE
VYP100077,8/1/2026,4,1,FALSE
VYP100077,9/1/2026,4,1,FALSE
VYP100078,4/1/2026,6,3,FALSE
VYP100078,5/1/2026,3,3,FALSE
VYP100078,6/1/2026,5,3,FALSE
VYP100078,7/1/2026,5,3,FALSE
VYP100078,9/1/2026,4,3,FALSE
VYP100079,4/1/2026,10,1,FALSE
VYP100079,5/1/2026,11,1,TRUE
VYP100079,6/1/2026,15,2,TRUE
VYP100079,7/1/2026,14,2,TRUE
VYP100079,8/1/2026,20,2,TRUE
VYP100079,9/1/2026,14,2,TRUE
VYP100080,4/1/2026,4,1,FALSE
VYP100080,5/1/2026,4,1,FALSE
VYP100080,6/1/2026,4,1,FALSE
VYP100080,7/1/2026,4,1,FALSE
VYP100080,8/1/2026,0,1,FALSE
VYP100080,9/1/2026,5,1,FALSE
VYP100081,4/1/2026,7,3,FALSE
VYP100081,5/1/2026,6,3,FALSE
VYP100081,6/1/2026,5,3,FALSE
VYP100081,7/1/2026,2,3,FALSE
VYP100081,8/1/2026,6,3,FALSE
VYP100081,9/1/2026,6,3,FALSE
VYP100082,4/1/2026,4,1,FALSE
VYP100082,5/1/2026,5,1,FALSE
VYP100082,6/1/2026,1,1,FALSE
VYP100082,7/1/2026,6,1,FALSE
VYP100082,8/1/2026,4,1,FALSE
VYP100082,9/1/2026,5,1,FALSE
VYP100083,4/1/2026,7,1,FALSE
VYP100083,5/1/2026,8,1,FALSE
VYP100083,6/1/2026,6,1,FALSE
VYP100083,7/1/2026,6,1,FALSE
VYP100083,8/1/2026,5,1,FALSE
VYP100083,9/1/2026,7,1,FALSE
VYP100084,4/1/2026,6,1,FALSE
VYP100084,5/1/2026,4,1,FALSE
VYP100084,6/1/2026,5,1,FALSE
VYP100084,7/1/2026,1,1,FALSE
VYP100084,8/1/2026,9,1,FALSE
VYP100084,9/1/2026,4,1,FALSE
VYP100085,4/1/2026,7,1,FALSE
VYP100085,5/1/2026,5,1,FALSE
VYP100085,6/1/2026,5,1,FALSE
VYP100085,7/1/2026,2,1,FALSE
VYP100085,8/1/2026,2,1,FALSE
VYP100085,9/1/2026,3,1,FALSE
VYP100086,4/1/2026,0,1,FALSE
VYP100086,5/1/2026,3,1,FALSE
VYP100086,6/1/2026,5,1,FALSE
VYP100086,7/1/2026,5,1,FALSE
VYP100086,8/1/2026,3,1,FALSE
VYP100086,9/1/2026,3,1,FALSE
VYP100087,4/1/2026,2,1,FALSE
VYP100087,4/1/2026,2,1,FALSE
VYP100087,5/1/2026,5,1,FALSE
VYP100087,6/1/2026,3,1,FALSE
VYP100087,7/1/2026,3,1,FALSE
VYP100087,8/1/2026,3,1,FALSE
VYP100087,9/1/2026,1,1,FALSE
VYP100088,4/1/2026,3,2,FALSE
VYP100088,5/1/2026,7,2,FALSE
VYP100088,6/1/2026,5,2,FALSE
VYP100088,7/1/2026,5,2,FALSE
VYP100088,8/1/2026,0,2,FALSE
VYP100088,9/1/2026,4,2,FALSE
VYP100089,4/1/2026,5,2,FALSE
VYP100089,5/1/2026,4,2,FALSE
VYP100089,6/1/2026,2,2,FALSE
VYP100089,7/1/2026,3,2,FALSE
VYP100089,8/1/2026,2,2,FALSE
VYP100089,9/1/2026,2,2,FALSE
VYP100090,4/1/2026,4,1,FALSE
VYP100090,5/1/2026,7,1,FALSE
VYP100090,6/1/2026,8,1,FALSE
VYP100090,7/1/2026,11,1,TRUE
VYP100090,8/1/2026,11,2,TRUE
VYP100090,9/1/2026,16,2,TRUE
VYP100091,4/1/2026,6,2,FALSE
VYP100091,5/1/2026,6,2,FALSE
VYP100091,6/1/2026,4,2,FALSE
VYP100091,6/1/2026,4,2,FALSE
VYP100091,7/1/2026,6,2,FALSE
VYP100091,8/1/2026,5,2,FALSE
VYP100091,9/1/2026,3,2,FALSE
VYP100092,4/1/2026,6,1,FALSE
VYP100092,5/1/2026,5,1,FALSE
VYP100092,6/1/2026,1,1,FALSE
VYP100092,7/1/2026,5,1,FALSE
VYP100092,8/1/2026,6,1,FALSE
VYP100092,9/1/2026,4,1,FALSE
VYP100093,4/1/2026,2,3,FALSE
VYP100093,5/1/2026,3,3,FALSE
VYP100093,6/1/2026,0,3,FALSE
VYP100093,7/1/2026,2,3,FALSE
VYP100093,8/1/2026,4,3,FALSE
VYP100093,9/1/2026,2,3,FALSE
VYP100094,4/1/2026,3,1,FALSE
VYP100094,5/1/2026,3,1,FALSE
VYP100094,6/1/2026,3,1,FALSE
VYP100094,7/1/2026,1,1,FALSE
VYP100094,8/1/2026,4,1,FALSE
VYP100094,9/1/2026,3,1,FALSE
VYP100095,4/1/2026,4,2,FALSE
VYP100095,5/1/2026,5,2,FALSE
VYP100095,6/1/2026,4,2,FALSE
VYP100095,7/1/2026,9,2,FALSE
VYP100095,8/1/2026,7,2,FALSE
VYP100095,9/1/2026,5,2,FALSE
VYP100096,4/1/2026,4,1,FALSE
VYP100096,5/1/2026,4,1,FALSE
VYP100096,6/1/2026,5,1,FALSE
VYP100096,7/1/2026,5,1,FALSE
VYP100096,8/1/2026,4,1,FALSE
VYP100096,9/1/2026,5,1,FALSE
VYP100097,4/1/2026,6,2,FALSE
VYP100097,5/1/2026,6,2,FALSE
VYP100097,6/1/2026,2,2,FALSE
VYP100097,7/1/2026,6,2,FALSE
VYP100097,8/1/2026,5,2,FALSE
VYP100097,9/1/2026,1,2,FALSE
VYP100098,4/1/2026,5,1,FALSE
VYP100098,5/1/2026,4,1,FALSE
VYP100098,6/1/2026,3,1,FALSE
VYP100098,7/1/2026,4,1,FALSE
VYP100098,8/1/2026,4,1,FALSE
VYP100098,9/1/2026,2,1,FALSE
VYP100099,4/1/2026,3,2,FALSE
VYP100099,5/1/2026,6,2,FALSE
VYP100099,6/1/2026,8,2,FALSE
VYP100099,7/1/2026,9,3,FALSE
VYP100099,8/1/2026,12,3,TRUE
VYP100099,9/1/2026,17,3,TRUE
VYP100100,4/1/2026,6,1,FALSE
VYP100100,5/1/2026,5,1,FALSE
VYP100100,6/1/2026,4,1,FALSE
VYP100100,7/1/2026,5,1,FALSE
VYP100100,8/1/2026,2,1,FALSE
VYP100100,9/1/2026,3,1,FALSE
VYP100101,4/1/2026,1,3,FALSE
VYP100101,5/1/2026,2,3,FALSE
VYP100101,6/1/2026,4,3,FALSE
VYP100101,7/1/2026,1,3,FALSE
VYP100101,8/1/2026,1,3,FALSE
VYP100101,9/1/2026,5,3,FALSE
VYP100102,4/1/2026,1,1,FALSE
VYP100102,5/1/2026,2,1,FALSE
VYP100102,6/1/2026,4,1,FALSE
VYP100102,7/1/2026,2,1,FALSE
VYP100102,8/1/2026,0,1,FALSE
VYP100102,9/1/2026,1,1,FALSE
VYP100103,4/1/2026,4,2,FALSE
VYP100103,5/1/2026,3,2,FALSE
VYP100103,6/1/2026,3,2,FALSE
VYP100103,7/1/2026,4,2,FALSE
VYP100103,8/1/2026,2,2,FALSE
VYP100103,9/1/2026,2,2,FALSE
VYP100104,4/1/2026,3,2,FALSE
VYP100104,5/1/2026,6,2,FALSE
VYP100104,6/1/2026,5,2,FALSE
VYP100104,7/1/2026,4,2,FALSE
VYP100104,8/1/2026,3,2,FALSE
VYP100104,9/1/2026,5,2,FALSE
VYP100105,4/1/2026,6,3,FALSE
VYP100105,5/1/2026,7,3,FALSE
VYP100105,6/1/2026,7,3,FALSE
VYP100105,7/1/2026,10,3,FALSE
VYP100105,8/1/2026,12,3,TRUE
VYP100105,9/1/2026,17,3,TRUE
VYP100106,4/1/2026,6,1,FALSE
VYP100106,5/1/2026,9,1,FALSE
VYP100106,6/1/2026,6,1,FALSE
VYP100106,7/1/2026,5,1,FALSE
VYP100106,8/1/2026,5,1,FALSE
VYP100106,9/1/2026,5,1,FALSE
VYP100107,4/1/2026,2,1,FALSE
VYP100107,5/1/2026,3,1,FALSE
VYP100107,7/1/2026,4,1,FALSE
VYP100107,8/1/2026,0,1,FALSE
VYP100107,9/1/2026,5,1,FALSE
VYP100108,4/1/2026,5,1,FALSE
VYP100108,5/1/2026,3,1,FALSE
VYP100108,6/1/2026,5,1,FALSE
VYP100108,7/1/2026,2,1,FALSE
VYP100108,8/1/2026,2,1,FALSE
VYP100108,9/1/2026,3,1,FALSE
VYP100108,9/1/2026,3,1,FALSE
VYP100109,4/1/2026,2,1,FALSE
VYP100109,5/1/2026,5,1,FALSE
VYP100109,6/1/2026,7,1,FALSE
VYP100109,7/1/2026,8,1,FALSE
VYP100109,8/1/2026,10,1,FALSE
VYP100109,9/1/2026,17,1,TRUE
VYP100110,4/1/2026,3,2,FALSE
VYP100110,5/1/2026,4,2,FALSE
VYP100110,6/1/2026,3,2,FALSE
VYP100110,7/1/2026,4,2,FALSE
VYP100110,8/1/2026,3,2,FALSE
VYP100110,9/1/2026,3,2,FALSE
VYP100111,4/1/2026,4,3,FALSE
VYP100111,5/1/2026,2,3,FALSE
VYP100111,6/1/2026,0,3,FALSE
VYP100111,7/1/2026,2,3,FALSE
VYP100111,8/1/2026,4,3,FALSE
VYP100111,9/1/2026,3,3,FALSE
VYP100112,4/1/2026,1,3,FALSE
VYP100112,5/1/2026,-1,3,FALSE
VYP100112,6/1/2026,3,3,FALSE
VYP100112,7/1/2026,2,3,FALSE
VYP100112,8/1/2026,0,3,FALSE
VYP100112,9/1/2026,1,3,FALSE
VYP100113,4/1/2026,7,1,FALSE
VYP100113,5/1/2026,9,1,FALSE
VYP100113,6/1/2026,11,2,TRUE
VYP100113,7/1/2026,13,2,TRUE
VYP100113,8/1/2026,16,2,TRUE
VYP100113,9/1/2026,19,2,TRUE
VYP100114,4/1/2026,4,2,FALSE
VYP100114,5/1/2026,2,2,FALSE
VYP100114,6/1/2026,3,2,FALSE
VYP100114,7/1/2026,2,2,FALSE
VYP100114,8/1/2026,2,2,FALSE
VYP100114,9/1/2026,3,2,FALSE
VYP100115,4/1/2026,2,3,FALSE
VYP100115,5/1/2026,0,3,FALSE
VYP100115,6/1/2026,4,3,FALSE
VYP100115,7/1/2026,1,3,FALSE
VYP100115,8/1/2026,5,3,FALSE
VYP100115,9/1/2026,4,3,FALSE
VYP100116,4/1/2026,5,3,FALSE
VYP100116,5/1/2026,2,3,FALSE
VYP100116,6/1/2026,4,3,FALSE
VYP100116,7/1/2026,4,3,FALSE
VYP100116,8/1/2026,2,3,FALSE
VYP100116,9/1/2026,5,3,FALSE
VYP100117,4/1/2026,9,1,FALSE
VYP100117,5/1/2026,9,2,FALSE
VYP100117,6/1/2026,10,2,TRUE
VYP100117,7/1/2026,16,2,TRUE
VYP100117,8/1/2026,12,2,TRUE
VYP100117,9/1/2026,12,2,TRUE
VYP100118,4/1/2026,2,1,FALSE
VYP100118,5/1/2026,0,1,FALSE
VYP100118,6/1/2026,2,1,FALSE
VYP100118,7/1/2026,1,1,FALSE
VYP100118,8/1/2026,4,1,FALSE
VYP100118,9/1/2026,4,1,FALSE
VYP100119,4/1/2026,5,2,FALSE
VYP100119,5/1/2026,3,2,FALSE
VYP100119,6/1/2026,3,2,FALSE
VYP100119,7/1/2026,4,2,FALSE
VYP100119,8/1/2026,5,2,FALSE
VYP100119,9/1/2026,2,2,FALSE
VYP100120,4/1/2026,6,1,FALSE
VYP100120,5/1/2026,8,1,FALSE
VYP100120,6/1/2026,9,1,FALSE
VYP100120,7/1/2026,10,2,TRUE
VYP100120,8/1/2026,13,3,TRUE
VYP100120,9/1/2026,16,3,TRUE
VYP100121,4/1/2026,1,1,FALSE
VYP100121,6/1/2026,3,1,FALSE
VYP100121,7/1/2026,2,1,FALSE
VYP100121,8/1/2026,4,1,FALSE
VYP100121,9/1/2026,3,1,FALSE
VYP100122,4/1/2026,2,3,FALSE
VYP100122,5/1/2026,2,3,FALSE
VYP100122,6/1/2026,2,3,FALSE
VYP100122,7/1/2026,3,3,FALSE
VYP100122,8/1/2026,4,3,FALSE
VYP100122,9/1/2026,3,3,FALSE
VYP100123,4/1/2026,5,3,FALSE
VYP100123,5/1/2026,3,3,FALSE
VYP100123,6/1/2026,5,3,FALSE
VYP100123,7/1/2026,6,3,FALSE
VYP100123,8/1/2026,6,3,FALSE
VYP100123,9/1/2026,1,3,FALSE
VYP100124,4/1/2026,1,3,FALSE
VYP100124,5/1/2026,5,3,FALSE
VYP100124,7/1/2026,5,3,FALSE
VYP100124,8/1/2026,4,3,FALSE
VYP100124,9/1/2026,4,3,FALSE
VYP100125,4/1/2026,9,2,FALSE
VYP100125,5/1/2026,11,3,TRUE
VYP100125,6/1/2026,11,3,TRUE
VYP100125,7/1/2026,14,3,TRUE
VYP100125,8/1/2026,15,3,TRUE
VYP100125,9/1/2026,18,3,TRUE
VYP100126,4/1/2026,4,1,FALSE
VYP100126,5/1/2026,8,1,FALSE
VYP100126,6/1/2026,8,1,FALSE
VYP100126,7/1/2026,2,1,FALSE
VYP100126,8/1/2026,4,1,FALSE
VYP100126,9/1/2026,6,1,FALSE
VYP100127,4/1/2026,3,1,FALSE
VYP100127,5/1/2026,3,1,FALSE
VYP100127,6/1/2026,1,1,FALSE
VYP100127,7/1/2026,4,1,FALSE
VYP100127,8/1/2026,4,1,FALSE
VYP100127,9/1/2026,4,1,FALSE
VYP100128,4/1/2026,5,1,FALSE
VYP100128,5/1/2026,6,1,FALSE
VYP100128,6/1/2026,4,1,FALSE
VYP100128,7/1/2026,3,1,FALSE
VYP100128,9/1/2026,4,1,FALSE
VYP100129,4/1/2026,6,2,FALSE
VYP100129,5/1/2026,5,2,FALSE
VYP100129,6/1/2026,4,2,FALSE
VYP100129,7/1/2026,7,2,FALSE
VYP100129,8/1/2026,6,2,FALSE
VYP100129,9/1/2026,3,2,FALSE
VYP100130,4/1/2026,6,1,FALSE
VYP100130,6/1/2026,5,1,FALSE
VYP100130,7/1/2026,5,1,FALSE
VYP100130,8/1/2026,5,1,FALSE
VYP100130,9/1/2026,4,1,FALSE
VYP100131,4/1/2026,2,2,FALSE
VYP100131,5/1/2026,5,2,FALSE
VYP100131,6/1/2026,6,2,FALSE
VYP100131,7/1/2026,9,3,FALSE
VYP100131,8/1/2026,12,3,TRUE
VYP100131,9/1/2026,14,3,TRUE
VYP100132,4/1/2026,6,1,FALSE
VYP100132,5/1/2026,5,1,FALSE
VYP100132,6/1/2026,2,1,FALSE
VYP100132,7/1/2026,1,1,FALSE
VYP100132,8/1/2026,4,1,FALSE
VYP100132,9/1/2026,4,1,FALSE
VYP100133,4/1/2026,4,2,FALSE
VYP100133,5/1/2026,3,2,FALSE
VYP100133,6/1/2026,6,2,FALSE
VYP100133,7/1/2026,7,2,FALSE
VYP100133,8/1/2026,5,2,FALSE
VYP100133,9/1/2026,4,2,FALSE
VYP100134,4/1/2026,3,1,FALSE
VYP100134,5/1/2026,5,1,FALSE
VYP100134,6/1/2026,4,1,FALSE
VYP100134,7/1/2026,5,1,FALSE
VYP100134,8/1/2026,4,1,FALSE
VYP100134,9/1/2026,3,1,FALSE
VYP100135,4/1/2026,5,1,FALSE
VYP100135,5/1/2026,8,1,FALSE
VYP100135,6/1/2026,9,1,FALSE
VYP100135,7/1/2026,10,1,TRUE
VYP100135,8/1/2026,17,1,TRUE
VYP100135,9/1/2026,18,1,TRUE
VYP100136,4/1/2026,6,1,FALSE
VYP100136,5/1/2026,4,1,FALSE
VYP100136,6/1/2026,4,1,FALSE
VYP100136,7/1/2026,2,1,FALSE
VYP100136,8/1/2026,3,1,FALSE
VYP100136,9/1/2026,5,1,FALSE
VYP100137,4/1/2026,3,1,FALSE
VYP100137,5/1/2026,5,1,FALSE
VYP100137,6/1/2026,4,1,FALSE
VYP100137,7/1/2026,6,1,FALSE
VYP100137,8/1/2026,7,1,FALSE
VYP100137,9/1/2026,6,1,FALSE
VYP100138,4/1/2026,3,3,FALSE
VYP100138,5/1/2026,5,3,FALSE
VYP100138,6/1/2026,2,3,FALSE
VYP100138,7/1/2026,4,3,FALSE
VYP100138,8/1/2026,4,3,FALSE
VYP100138,9/1/2026,3,3,FALSE
VYP100139,4/1/2026,4,1,FALSE
VYP100139,5/1/2026,8,1,FALSE
VYP100139,6/1/2026,8,2,FALSE
VYP100139,7/1/2026,9,2,FALSE
VYP100139,8/1/2026,11,2,TRUE
VYP100139,9/1/2026,13,2,TRUE
VYP100140,4/1/2026,5,1,FALSE
VYP100140,5/1/2026,7,1,FALSE
VYP100140,6/1/2026,5,1,FALSE
VYP100140,7/1/2026,8,1,FALSE
VYP100140,8/1/2026,8,1,FALSE
VYP100140,9/1/2026,8,1,FALSE
VYP100141,4/1/2026,2,2,FALSE
VYP100141,5/1/2026,3,2,FALSE
VYP100141,6/1/2026,2,2,FALSE
VYP100141,7/1/2026,2,2,FALSE
VYP100141,8/1/2026,3,2,FALSE
VYP100141,9/1/2026,1,2,FALSE
VYP100142,4/1/2026,6,2,FALSE
VYP100142,5/1/2026,8,3,FALSE
VYP100142,6/1/2026,10,3,TRUE
VYP100142,7/1/2026,15,3,TRUE
VYP100142,8/1/2026,17,3,TRUE
VYP100142,9/1/2026,13,3,TRUE
VYP100143,4/1/2026,4,1,FALSE
VYP100143,5/1/2026,7,1,FALSE
VYP100143,6/1/2026,10,1,FALSE
VYP100143,7/1/2026,10,1,FALSE
VYP100143,8/1/2026,11,1,TRUE
VYP100143,9/1/2026,17,1,TRUE
VYP100144,4/1/2026,6,1,FALSE
VYP100144,5/1/2026,2,1,FALSE
VYP100144,6/1/2026,5,1,FALSE
VYP100144,7/1/2026,3,1,FALSE
VYP100144,8/1/2026,3,1,FALSE
VYP100144,9/1/2026,5,1,FALSE
VYP100145,4/1/2026,7,1,FALSE
VYP100145,5/1/2026,9,2,FALSE
VYP100145,6/1/2026,10,2,TRUE
VYP100145,7/1/2026,15,2,TRUE
VYP100145,8/1/2026,12,2,TRUE
VYP100145,9/1/2026,12,2,TRUE
VYP100146,4/1/2026,3,2,FALSE
VYP100146,5/1/2026,5,2,FALSE
VYP100146,6/1/2026,2,2,FALSE
VYP100146,7/1/2026,5,2,FALSE
VYP100146,8/1/2026,4,2,FALSE
VYP100146,9/1/2026,4,2,FALSE
VYP100147,4/1/2026,5,1,FALSE
VYP100147,5/1/2026,4,1,FALSE
VYP100147,6/1/2026,7,1,FALSE
VYP100147,7/1/2026,6,1,FALSE
VYP100147,8/1/2026,4,1,FALSE
VYP100147,9/1/2026,5,1,FALSE
VYP100148,4/1/2026,6,1,FALSE
VYP100148,5/1/2026,5,1,FALSE
VYP100148,6/1/2026,4,1,FALSE
VYP100148,7/1/2026,4,1,FALSE
VYP100148,8/1/2026,2,1,FALSE
VYP100148,9/1/2026,6,1,FALSE
VYP100149,4/1/2026,5,1,FALSE
VYP100149,5/1/2026,6,1,FALSE
VYP100149,6/1/2026,6,1,FALSE
VYP100149,7/1/2026,7,1,FALSE
VYP100149,8/1/2026,3,1,FALSE
VYP100149,9/1/2026,3,1,FALSE
VYP100150,5/1/2026,2,2,FALSE
VYP100150,6/1/2026,3,2,FALSE
VYP100150,7/1/2026,1,2,FALSE
VYP100150,8/1/2026,0,2,FALSE
VYP100150,9/1/2026,1,2,FALSE
VYP100151,4/1/2026,7,1,FALSE
VYP100151,5/1/2026,10,1,TRUE
VYP100151,6/1/2026,13,1,TRUE
VYP100151,7/1/2026,16,1,TRUE
VYP100151,8/1/2026,15,1,TRUE
VYP100151,9/1/2026,19,1,TRUE
VYP100152,5/1/2026,5,2,FALSE
VYP100152,6/1/2026,5,2,FALSE
VYP100152,7/1/2026,3,2,FALSE
VYP100152,8/1/2026,5,2,FALSE
VYP100152,9/1/2026,4,2,FALSE
VYP100153,4/1/2026,5,1,FALSE
VYP100153,5/1/2026,5,1,FALSE
VYP100153,6/1/2026,3,1,FALSE
VYP100153,7/1/2026,5,1,FALSE
VYP100153,8/1/2026,5,1,FALSE
VYP100153,9/1/2026,5,1,FALSE
VYP100154,4/1/2026,8,2,FALSE
VYP100154,5/1/2026,6,2,FALSE
VYP100154,6/1/2026,4,2,FALSE
VYP100154,7/1/2026,5,2,FALSE
VYP100154,8/1/2026,4,2,FALSE
VYP100154,9/1/2026,5,2,FALSE
VYP100155,4/1/2026,1,1,FALSE
VYP100155,5/1/2026,6,1,FALSE
VYP100155,6/1/2026,2,1,FALSE
VYP100155,7/1/2026,2,1,FALSE
VYP100155,8/1/2026,4,1,FALSE
VYP100155,9/1/2026,2,1,FALSE
VYP100156,4/1/2026,2,1,FALSE
VYP100156,5/1/2026,5,1,FALSE
VYP100156,6/1/2026,4,1,FALSE
VYP100156,7/1/2026,3,1,FALSE
VYP100156,8/1/2026,5,1,FALSE
VYP100156,9/1/2026,5,1,FALSE
VYP100157,4/1/2026,2,1,FALSE
VYP100157,5/1/2026,4,1,FALSE
VYP100157,6/1/2026,6,1,FALSE
VYP100157,7/1/2026,9,1,FALSE
VYP100157,8/1/2026,11,2,TRUE
VYP100157,9/1/2026,15,2,TRUE
VYP100158,4/1/2026,6,2,FALSE
VYP100158,5/1/2026,8,2,FALSE
VYP100158,6/1/2026,6,2,FALSE
VYP100158,7/1/2026,4,2,FALSE
VYP100158,8/1/2026,6,2,FALSE
VYP100158,9/1/2026,7,2,FALSE
VYP100159,4/1/2026,3,3,FALSE
VYP100159,5/1/2026,4,3,FALSE
VYP100159,6/1/2026,3,3,FALSE
VYP100159,7/1/2026,3,3,FALSE
VYP100159,8/1/2026,6,3,FALSE
VYP100159,9/1/2026,3,3,FALSE
VYP100160,4/1/2026,4,1,FALSE
VYP100160,5/1/2026,0,1,FALSE
VYP100160,6/1/2026,4,1,FALSE
VYP100160,7/1/2026,3,1,FALSE
VYP100160,8/1/2026,3,1,FALSE
VYP100160,9/1/2026,0,1,FALSE
VYP100161,4/1/2026,4,1,FALSE
VYP100161,5/1/2026,1,1,FALSE
VYP100161,6/1/2026,5,1,FALSE
VYP100161,7/1/2026,3,1,FALSE
VYP100161,8/1/2026,1,1,FALSE
VYP100161,9/1/2026,1,1,FALSE
VYP100162,4/1/2026,4,3,FALSE
VYP100162,5/1/2026,6,3,FALSE
VYP100162,6/1/2026,4,3,FALSE
VYP100162,7/1/2026,5,3,FALSE
VYP100162,8/1/2026,6,3,FALSE
VYP100162,9/1/2026,5,3,FALSE
VYP100162,9/1/2026,5,3,FALSE
VYP100163,4/1/2026,5,1,FALSE
VYP100163,5/1/2026,4,1,FALSE
VYP100163,6/1/2026,3,1,FALSE
VYP100163,7/1/2026,3,1,FALSE
VYP100163,8/1/2026,4,1,FALSE
VYP100163,9/1/2026,3,1,FALSE
VYP100164,4/1/2026,7,1,FALSE
VYP100164,5/1/2026,8,1,FALSE
VYP100164,6/1/2026,10,1,FALSE
VYP100164,7/1/2026,14,1,TRUE
VYP100164,8/1/2026,15,1,TRUE
VYP100164,9/1/2026,18,1,TRUE
VYP100165,4/1/2026,4,1,FALSE
VYP100165,5/1/2026,6,1,FALSE
VYP100165,6/1/2026,4,1,FALSE
VYP100165,7/1/2026,2,1,FALSE
VYP100165,8/1/2026,4,1,FALSE
VYP100165,9/1/2026,5,1,FALSE
VYP100166,4/1/2026,4,2,FALSE
VYP100166,5/1/2026,4,2,FALSE
VYP100166,6/1/2026,3,2,FALSE
VYP100166,7/1/2026,0,2,FALSE
VYP100166,8/1/2026,6,2,FALSE
VYP100167,4/1/2026,4,2,FALSE
VYP100167,5/1/2026,3,2,FALSE
VYP100167,6/1/2026,4,2,FALSE
VYP100167,8/1/2026,0,2,FALSE
VYP100167,9/1/2026,3,2,FALSE
VYP100168,4/1/2026,6,2,FALSE
VYP100168,5/1/2026,5,2,FALSE
VYP100168,6/1/2026,3,2,FALSE
VYP100168,7/1/2026,5,2,FALSE
VYP100168,8/1/2026,7,2,FALSE
VYP100168,9/1/2026,7,2,FALSE
VYP100169,4/1/2026,4,3,FALSE
VYP100169,5/1/2026,0,3,FALSE
VYP100169,6/1/2026,2,3,FALSE
VYP100169,7/1/2026,4,3,FALSE
VYP100169,8/1/2026,5,3,FALSE
VYP100169,9/1/2026,2,3,FALSE
VYP100170,4/1/2026,5,1,FALSE
VYP100170,5/1/2026,2,1,FALSE
VYP100170,6/1/2026,6,1,FALSE
VYP100170,7/1/2026,8,1,FALSE
VYP100170,8/1/2026,5,1,FALSE
VYP100170,9/1/2026,7,1,FALSE
VYP100171,4/1/2026,6,1,FALSE
VYP100171,5/1/2026,5,1,FALSE
VYP100171,6/1/2026,8,1,FALSE
VYP100171,7/1/2026,5,1,FALSE
VYP100171,8/1/2026,6,1,FALSE
VYP100171,9/1/2026,3,1,FALSE
VYP100172,4/1/2026,2,1,FALSE
VYP100172,5/1/2026,6,1,FALSE
VYP100172,6/1/2026,2,1,FALSE
VYP100172,7/1/2026,6,1,FALSE
VYP100172,8/1/2026,3,1,FALSE
VYP100172,9/1/2026,4,1,FALSE
VYP100173,4/1/2026,6,1,FALSE
VYP100173,5/1/2026,2,1,FALSE
VYP100173,6/1/2026,2,1,FALSE
VYP100173,7/1/2026,5,1,FALSE
VYP100173,8/1/2026,3,1,FALSE
VYP100173,9/1/2026,2,1,FALSE
VYP100174,4/1/2026,2,1,FALSE
VYP100174,5/1/2026,3,1,FALSE
VYP100174,6/1/2026,4,1,FALSE
VYP100174,7/1/2026,2,1,FALSE
VYP100174,8/1/2026,2,1,FALSE
VYP100174,9/1/2026,2,1,FALSE
VYP100175,4/1/2026,3,1,FALSE
VYP100175,5/1/2026,1,1,FALSE
VYP100175,6/1/2026,6,1,FALSE
VYP100175,7/1/2026,2,1,FALSE
VYP100175,8/1/2026,2,1,FALSE
VYP100175,9/1/2026,3,1,FALSE
VYP100176,4/1/2026,7,1,FALSE
VYP100176,5/1/2026,7,1,FALSE
VYP100176,6/1/2026,9,2,FALSE
VYP100176,7/1/2026,12,2,TRUE
VYP100176,8/1/2026,15,2,TRUE
VYP100176,9/1/2026,15,2,TRUE
VYP100177,4/1/2026,5,2,FALSE
VYP100177,5/1/2026,4,2,FALSE
VYP100177,6/1/2026,8,2,FALSE
VYP100177,7/1/2026,10,3,FALSE
VYP100177,8/1/2026,13,3,TRUE
VYP100177,9/1/2026,14,3,TRUE
VYP100178,4/1/2026,0,1,FALSE
VYP100178,5/1/2026,4,1,FALSE
VYP100178,6/1/2026,5,1,FALSE
VYP100178,7/1/2026,6,1,FALSE
VYP100178,8/1/2026,2,1,FALSE
VYP100179,4/1/2026,8,1,FALSE
VYP100179,5/1/2026,7,1,FALSE
VYP100179,6/1/2026,5,1,FALSE
VYP100179,7/1/2026,7,1,FALSE
VYP100179,8/1/2026,7,1,FALSE
VYP100179,9/1/2026,6,1,FALSE
VYP100180,4/1/2026,7,2,FALSE
VYP100180,5/1/2026,5,2,FALSE
VYP100180,6/1/2026,3,2,FALSE
VYP100180,7/1/2026,6,2,FALSE
VYP100180,8/1/2026,4,2,FALSE
VYP100180,9/1/2026,3,2,FALSE
VYP100181,4/1/2026,6,2,FALSE
VYP100181,5/1/2026,3,2,FALSE
VYP100181,6/1/2026,5,2,FALSE
VYP100181,7/1/2026,6,2,FALSE
VYP100181,9/1/2026,4,2,FALSE
VYP100182,4/1/2026,10,2,FALSE
VYP100182,5/1/2026,11,2,TRUE
VYP100182,6/1/2026,14,2,TRUE
VYP100182,7/1/2026,15,2,TRUE
VYP100182,8/1/2026,19,2,TRUE
VYP100182,9/1/2026,14,2,TRUE
VYP100183,4/1/2026,7,2,FALSE
VYP100183,5/1/2026,8,2,FALSE
VYP100183,6/1/2026,12,3,TRUE
VYP100183,7/1/2026,12,3,TRUE
VYP100183,8/1/2026,17,3,TRUE
VYP100183,9/1/2026,14,3,TRUE
VYP100184,4/1/2026,4,2,FALSE
VYP100184,5/1/2026,8,2,FALSE
VYP100184,6/1/2026,5,2,FALSE
VYP100184,7/1/2026,5,2,FALSE
VYP100184,8/1/2026,5,2,FALSE
VYP100184,9/1/2026,5,2,FALSE
VYP100185,4/1/2026,4,1,FALSE
VYP100185,5/1/2026,7,1,FALSE
VYP100185,6/1/2026,8,1,FALSE
VYP100185,7/1/2026,4,1,FALSE
VYP100185,8/1/2026,6,1,FALSE
VYP100185,9/1/2026,6,1,FALSE
VYP100186,4/1/2026,4,1,FALSE
VYP100186,6/1/2026,3,1,FALSE
VYP100186,7/1/2026,1,1,FALSE
VYP100186,8/1/2026,5,1,FALSE
VYP100186,9/1/2026,3,1,FALSE
VYP100187,4/1/2026,3,2,FALSE
VYP100187,5/1/2026,3,2,FALSE
VYP100187,6/1/2026,1,2,FALSE
VYP100187,7/1/2026,3,2,FALSE
VYP100187,8/1/2026,1,2,FALSE
VYP100187,9/1/2026,4,2,FALSE
VYP100188,4/1/2026,3,1,FALSE
VYP100188,5/1/2026,5,1,FALSE
VYP100188,6/1/2026,4,1,FALSE
VYP100188,7/1/2026,5,1,FALSE
VYP100188,8/1/2026,3,1,FALSE
VYP100188,9/1/2026,4,1,FALSE
VYP100189,4/1/2026,5,1,FALSE
VYP100189,5/1/2026,2,1,FALSE
VYP100189,6/1/2026,4,1,FALSE
VYP100189,7/1/2026,5,1,FALSE
VYP100189,8/1/2026,3,1,FALSE
VYP100189,9/1/2026,4,1,FALSE
VYP100190,4/1/2026,7,1,FALSE
VYP100190,5/1/2026,6,1,FALSE
VYP100190,6/1/2026,3,1,FALSE
VYP100190,7/1/2026,9,1,FALSE
VYP100190,8/1/2026,6,1,FALSE
VYP100190,9/1/2026,5,1,FALSE
VYP100191,4/1/2026,4,1,FALSE
VYP100191,5/1/2026,7,1,FALSE
VYP100191,6/1/2026,8,1,FALSE
VYP100191,7/1/2026,11,2,TRUE
VYP100191,8/1/2026,12,3,TRUE
VYP100191,9/1/2026,17,3,TRUE
VYP100192,4/1/2026,6,1,FALSE
VYP100192,5/1/2026,8,1,FALSE
VYP100192,6/1/2026,8,2,FALSE
VYP100192,7/1/2026,11,3,TRUE
VYP100192,8/1/2026,17,3,TRUE
VYP100192,9/1/2026,16,3,TRUE
VYP100193,4/1/2026,6,1,FALSE
VYP100193,4/1/2026,6,1,FALSE
VYP100193,5/1/2026,7,1,FALSE
VYP100193,6/1/2026,7,1,FALSE
VYP100193,7/1/2026,10,2,TRUE
VYP100193,8/1/2026,10,2,FALSE
VYP100193,9/1/2026,15,2,TRUE
VYP100194,4/1/2026,2,2,FALSE
VYP100194,5/1/2026,1,2,FALSE
VYP100194,6/1/2026,2,2,FALSE
VYP100194,7/1/2026,2,2,FALSE
VYP100194,8/1/2026,6,2,FALSE
VYP100194,9/1/2026,3,2,FALSE
VYP100195,4/1/2026,2,3,FALSE
VYP100195,5/1/2026,4,3,FALSE
VYP100195,6/1/2026,4,3,FALSE
VYP100195,7/1/2026,4,3,FALSE
VYP100195,8/1/2026,2,3,FALSE
VYP100195,9/1/2026,3,3,FALSE
VYP100196,4/1/2026,6,1,FALSE
VYP100196,5/1/2026,9,1,FALSE
VYP100196,6/1/2026,5,1,FALSE
VYP100196,7/1/2026,5,1,FALSE
VYP100196,8/1/2026,5,1,FALSE
VYP100196,9/1/2026,7,1,FALSE
VYP100197,4/1/2026,4,3,FALSE
VYP100197,5/1/2026,8,3,FALSE
VYP100197,6/1/2026,6,3,FALSE
VYP100197,7/1/2026,4,3,FALSE
VYP100197,8/1/2026,6,3,FALSE
VYP100197,9/1/2026,7,3,FALSE
VYP100198,4/1/2026,4,1,FALSE
VYP100198,5/1/2026,2,1,FALSE
VYP100198,7/1/2026,0,1,FALSE
VYP100198,8/1/2026,6,1,FALSE
VYP100198,9/1/2026,5,1,FALSE
VYP100199,4/1/2026,4,3,FALSE
VYP100199,5/1/2026,2,3,FALSE
VYP100199,6/1/2026,0,3,FALSE
VYP100199,7/1/2026,1,3,FALSE
VYP100199,8/1/2026,1,3,FALSE
VYP100199,9/1/2026,6,3,FALSE
VYP100200,4/1/2026,4,3,FALSE
VYP100200,5/1/2026,6,3,FALSE
VYP100200,6/1/2026,4,3,FALSE
VYP100200,7/1/2026,5,3,FALSE
VYP100200,8/1/2026,6,3,FALSE
VYP100200,9/1/2026,1,3,FALSE
VYP100201,4/1/2026,6,1,FALSE
VYP100201,5/1/2026,4,1,FALSE
VYP100201,6/1/2026,8,1,FALSE
VYP100201,7/1/2026,4,1,FALSE
VYP100201,8/1/2026,2,1,FALSE
VYP100201,9/1/2026,6,1,FALSE
VYP100202,4/1/2026,3,2,FALSE
VYP100202,5/1/2026,2,2,FALSE
VYP100202,6/1/2026,4,2,FALSE
VYP100202,7/1/2026,3,2,FALSE
VYP100202,8/1/2026,4,2,FALSE
VYP100202,9/1/2026,3,2,FALSE
VYP100203,4/1/2026,6,3,FALSE
VYP100203,5/1/2026,4,3,FALSE
VYP100203,6/1/2026,7,3,FALSE
VYP100203,7/1/2026,5,3,FALSE
VYP100203,8/1/2026,4,3,FALSE
VYP100203,9/1/2026,6,3,FALSE
VYP100204,4/1/2026,2,3,FALSE
VYP100204,5/1/2026,5,3,FALSE
VYP100204,7/1/2026,2,3,FALSE
VYP100204,8/1/2026,2,3,FALSE
VYP100204,9/1/2026,3,3,FALSE
VYP100205,4/1/2026,7,3,FALSE
VYP100205,5/1/2026,9,3,FALSE
VYP100205,6/1/2026,9,3,FALSE
VYP100205,7/1/2026,11,3,TRUE
VYP100205,8/1/2026,14,3,TRUE
VYP100205,9/1/2026,17,3,TRUE
VYP100206,4/1/2026,0,2,FALSE
VYP100206,5/1/2026,3,2,FALSE
VYP100206,6/1/2026,2,2,FALSE
VYP100206,7/1/2026,5,2,FALSE
VYP100206,8/1/2026,4,2,FALSE
VYP100207,4/1/2026,2,1,FALSE
VYP100207,5/1/2026,3,1,FALSE
VYP100207,6/1/2026,3,1,FALSE
VYP100207,7/1/2026,1,1,FALSE
VYP100207,8/1/2026,0,1,FALSE
VYP100207,9/1/2026,2,1,FALSE
VYP100208,4/1/2026,4,2,FALSE
VYP100208,5/1/2026,4,2,FALSE
VYP100208,6/1/2026,7,2,FALSE
VYP100208,7/1/2026,5,2,FALSE
VYP100208,8/1/2026,3,2,FALSE
VYP100208,9/1/2026,9,2,FALSE
VYP100209,4/1/2026,6,2,FALSE
VYP100209,5/1/2026,4,2,FALSE
VYP100209,6/1/2026,6,2,FALSE
VYP100209,7/1/2026,4,2,FALSE
VYP100209,8/1/2026,4,2,FALSE
VYP100209,9/1/2026,5,2,FALSE
VYP100210,4/1/2026,4,2,FALSE
VYP100210,5/1/2026,7,2,FALSE
VYP100210,6/1/2026,4,2,FALSE
VYP100210,7/1/2026,2,2,FALSE
VYP100210,8/1/2026,6,2,FALSE
VYP100210,9/1/2026,5,2,FALSE
VYP100211,4/1/2026,4,1,FALSE
VYP100211,5/1/2026,7,1,FALSE
VYP100211,6/1/2026,2,1,FALSE
VYP100211,7/1/2026,6,1,FALSE
VYP100211,8/1/2026,6,1,FALSE
VYP100211,9/1/2026,5,1,FALSE
VYP100212,4/1/2026,5,2,FALSE
VYP100212,5/1/2026,2,2,FALSE
VYP100212,6/1/2026,4,2,FALSE
VYP100212,7/1/2026,3,2,FALSE
VYP100212,8/1/2026,2,2,FALSE
VYP100212,9/1/2026,6,2,FALSE
VYP100213,4/1/2026,6,1,FALSE
VYP100213,5/1/2026,7,1,FALSE
VYP100213,6/1/2026,3,1,FALSE
VYP100213,7/1/2026,2,1,FALSE
VYP100213,8/1/2026,4,1,FALSE
VYP100213,9/1/2026,6,1,FALSE
VYP100214,4/1/2026,4,2,FALSE
VYP100214,5/1/2026,4,2,FALSE
VYP100214,6/1/2026,7,2,FALSE
VYP100214,7/1/2026,5,2,FALSE
VYP100214,8/1/2026,5,2,FALSE
VYP100214,9/1/2026,5,2,FALSE
VYP100215,4/1/2026,7,1,FALSE
VYP100215,5/1/2026,6,1,FALSE
VYP100215,6/1/2026,6,1,FALSE
VYP100215,7/1/2026,7,1,FALSE
VYP100215,8/1/2026,4,1,FALSE
VYP100215,9/1/2026,4,1,FALSE
VYP100216,4/1/2026,4,2,FALSE
VYP100216,5/1/2026,8,2,FALSE
VYP100216,7/1/2026,6,2,FALSE
VYP100216,8/1/2026,5,2,FALSE
VYP100216,9/1/2026,7,2,FALSE
VYP100217,4/1/2026,2,2,FALSE
VYP100217,5/1/2026,3,2,FALSE
VYP100217,6/1/2026,5,2,FALSE
VYP100217,7/1/2026,4,2,FALSE
VYP100217,8/1/2026,3,2,FALSE
VYP100217,9/1/2026,2,2,FALSE
VYP100218,4/1/2026,4,1,FALSE
VYP100218,5/1/2026,3,1,FALSE
VYP100218,6/1/2026,0,1,FALSE
VYP100218,7/1/2026,4,1,FALSE
VYP100218,8/1/2026,1,1,FALSE
VYP100218,9/1/2026,1,1,FALSE
VYP100219,4/1/2026,8,1,FALSE
VYP100219,5/1/2026,12,1,TRUE
VYP100219,6/1/2026,13,1,TRUE
VYP100219,7/1/2026,17,1,TRUE
VYP100219,8/1/2026,17,1,TRUE
VYP100219,9/1/2026,16,1,TRUE
VYP100219,9/1/2026,16,1,TRUE
VYP100220,4/1/2026,2,1,FALSE
VYP100220,5/1/2026,2,1,FALSE
VYP100220,6/1/2026,4,1,FALSE
VYP100220,7/1/2026,1,1,FALSE
VYP100220,8/1/2026,1,1,FALSE
VYP100220,9/1/2026,2,1,FALSE
VYP100221,4/1/2026,3,3,FALSE
VYP100221,5/1/2026,4,3,FALSE
VYP100221,6/1/2026,4,3,FALSE
VYP100221,7/1/2026,3,3,FALSE
VYP100221,8/1/2026,4,3,FALSE
VYP100221,9/1/2026,3,3,FALSE
VYP100222,4/1/2026,9,2,FALSE
VYP100222,5/1/2026,13,3,TRUE
VYP100222,6/1/2026,14,3,TRUE
VYP100222,7/1/2026,17,3,TRUE
VYP100222,8/1/2026,19,3,TRUE
VYP100222,9/1/2026,18,3,TRUE
VYP100223,4/1/2026,5,1,FALSE
VYP100223,5/1/2026,4,1,FALSE
VYP100223,6/1/2026,6,1,FALSE
VYP100223,7/1/2026,9,1,FALSE
VYP100223,8/1/2026,6,1,FALSE
VYP100223,9/1/2026,5,1,FALSE
VYP100224,4/1/2026,2,1,FALSE
VYP100224,5/1/2026,0,1,FALSE
VYP100224,6/1/2026,2,1,FALSE
VYP100224,7/1/2026,2,1,FALSE
VYP100224,8/1/2026,5,1,FALSE
VYP100224,9/1/2026,2,1,FALSE
VYP100225,4/1/2026,2,1,FALSE
VYP100225,5/1/2026,5,1,FALSE
VYP100225,6/1/2026,2,1,FALSE
VYP100225,7/1/2026,3,1,FALSE
VYP100225,8/1/2026,4,1,FALSE
VYP100225,9/1/2026,5,1,FALSE
VYP100226,4/1/2026,6,1,FALSE
VYP100226,5/1/2026,4,1,FALSE
VYP100226,6/1/2026,4,1,FALSE
VYP100226,9/1/2026,2,1,FALSE
VYP100227,4/1/2026,2,3,FALSE
VYP100227,5/1/2026,4,3,FALSE
VYP100227,6/1/2026,6,3,FALSE
VYP100227,7/1/2026,7,3,FALSE
VYP100227,8/1/2026,7,3,FALSE
VYP100227,9/1/2026,6,3,FALSE
VYP100228,4/1/2026,5,2,FALSE
VYP100228,5/1/2026,1,2,FALSE
VYP100228,6/1/2026,4,2,FALSE
VYP100228,7/1/2026,5,2,FALSE
VYP100228,8/1/2026,5,2,FALSE
VYP100228,9/1/2026,2,2,FALSE
VYP100229,4/1/2026,2,1,FALSE
VYP100229,5/1/2026,6,1,FALSE
VYP100229,6/1/2026,4,1,FALSE
VYP100229,7/1/2026,5,1,FALSE
VYP100229,8/1/2026,0,1,FALSE
VYP100229,9/1/2026,4,1,FALSE
VYP100230,4/1/2026,3,3,FALSE
VYP100230,5/1/2026,4,3,FALSE
VYP100230,6/1/2026,3,3,FALSE
VYP100230,7/1/2026,3,3,FALSE
VYP100230,8/1/2026,2,3,FALSE
VYP100230,9/1/2026,4,3,FALSE
VYP100231,4/1/2026,6,1,FALSE
VYP100231,5/1/2026,6,1,FALSE
VYP100231,5/1/2026,6,1,FALSE
VYP100231,6/1/2026,10,1,FALSE
VYP100231,7/1/2026,11,2,TRUE
VYP100231,8/1/2026,10,3,TRUE
VYP100231,9/1/2026,17,3,TRUE
VYP100232,4/1/2026,3,3,FALSE
VYP100232,5/1/2026,4,3,FALSE
VYP100232,6/1/2026,4,3,FALSE
VYP100232,7/1/2026,4,3,FALSE
VYP100232,8/1/2026,4,3,FALSE
VYP100232,9/1/2026,6,3,FALSE
VYP100233,4/1/2026,3,1,FALSE
VYP100233,5/1/2026,4,1,FALSE
VYP100233,6/1/2026,4,1,FALSE
VYP100233,7/1/2026,5,1,FALSE
VYP100233,8/1/2026,5,1,FALSE
VYP100233,9/1/2026,5,1,FALSE
VYP100234,4/1/2026,4,2,FALSE
VYP100234,5/1/2026,2,2,FALSE
VYP100234,6/1/2026,3,2,FALSE
VYP100234,7/1/2026,5,2,FALSE
VYP100234,8/1/2026,5,2,FALSE
VYP100234,9/1/2026,5,2,FALSE
VYP100235,4/1/2026,4,3,FALSE
VYP100235,6/1/2026,9,3,FALSE
VYP100235,7/1/2026,11,3,TRUE
VYP100235,8/1/2026,12,3,TRUE
VYP100235,9/1/2026,15,3,TRUE
VYP100236,4/1/2026,4,1,FALSE
VYP100236,5/1/2026,4,1,FALSE
VYP100236,6/1/2026,5,1,FALSE
VYP100236,6/1/2026,5,1,FALSE
VYP100236,7/1/2026,5,1,FALSE
VYP100236,8/1/2026,3,1,FALSE
VYP100236,9/1/2026,3,1,FALSE
VYP100237,4/1/2026,2,2,FALSE
VYP100237,5/1/2026,1,2,FALSE
VYP100237,6/1/2026,2,2,FALSE
VYP100237,7/1/2026,2,2,FALSE
VYP100237,8/1/2026,4,2,FALSE
VYP100237,9/1/2026,3,2,FALSE
VYP100238,4/1/2026,8,3,FALSE
VYP100238,5/1/2026,1,3,FALSE
VYP100238,6/1/2026,3,3,FALSE
VYP100238,7/1/2026,4,3,FALSE
VYP100238,8/1/2026,4,3,FALSE
VYP100238,9/1/2026,5,3,FALSE
VYP100239,4/1/2026,5,1,FALSE
VYP100239,5/1/2026,5,1,FALSE
VYP100239,6/1/2026,6,1,FALSE
VYP100239,7/1/2026,9,1,FALSE
VYP100239,8/1/2026,3,1,FALSE
VYP100239,9/1/2026,5,1,FALSE
VYP100240,4/1/2026,4,1,FALSE
VYP100240,5/1/2026,8,1,FALSE
VYP100240,6/1/2026,8,1,FALSE
VYP100240,7/1/2026,10,1,FALSE
VYP100240,8/1/2026,14,1,TRUE
VYP100240,9/1/2026,16,1,TRUE
VYP100241,4/1/2026,6,2,FALSE
VYP100241,5/1/2026,6,2,FALSE
VYP100241,6/1/2026,4,2,FALSE
VYP100241,7/1/2026,5,2,FALSE
VYP100241,8/1/2026,7,2,FALSE
VYP100241,9/1/2026,4,2,FALSE
VYP100242,4/1/2026,3,1,FALSE
VYP100242,5/1/2026,5,1,FALSE
VYP100242,6/1/2026,3,1,FALSE
VYP100242,7/1/2026,8,1,FALSE
VYP100242,8/1/2026,4,1,FALSE
VYP100242,9/1/2026,5,1,FALSE
VYP100243,4/1/2026,6,1,FALSE
VYP100243,4/1/2026,6,1,FALSE
VYP100243,5/1/2026,4,1,FALSE
VYP100243,6/1/2026,5,1,FALSE
VYP100243,7/1/2026,4,1,FALSE
VYP100243,8/1/2026,7,1,FALSE
VYP100243,9/1/2026,7,1,FALSE
VYP100244,4/1/2026,2,1,FALSE
VYP100244,5/1/2026,3,1,FALSE
VYP100244,6/1/2026,4,1,FALSE
VYP100244,7/1/2026,3,1,FALSE
VYP100244,8/1/2026,3,1,FALSE
VYP100244,9/1/2026,4,1,FALSE
VYP100245,4/1/2026,4,2,FALSE
VYP100245,5/1/2026,4,2,FALSE
VYP100245,6/1/2026,3,2,FALSE
VYP100245,7/1/2026,6,2,FALSE
VYP100245,8/1/2026,3,2,FALSE
VYP100245,9/1/2026,5,2,FALSE
VYP100246,4/1/2026,7,1,FALSE
VYP100246,5/1/2026,6,1,FALSE
VYP100246,6/1/2026,6,1,FALSE
VYP100246,7/1/2026,4,1,FALSE
VYP100246,8/1/2026,3,1,FALSE
VYP100246,9/1/2026,3,1,FALSE
VYP100247,4/1/2026,7,1,FALSE
VYP100247,5/1/2026,4,1,FALSE
VYP100247,6/1/2026,6,1,FALSE
VYP100247,7/1/2026,2,1,FALSE
VYP100247,8/1/2026,3,1,FALSE
VYP100247,9/1/2026,4,1,FALSE
VYP100248,4/1/2026,4,2,FALSE
VYP100248,5/1/2026,5,2,FALSE
VYP100248,6/1/2026,3,2,FALSE
VYP100248,7/1/2026,2,2,FALSE
VYP100248,8/1/2026,3,2,FALSE
VYP100248,9/1/2026,4,2,FALSE
VYP100249,4/1/2026,3,1,FALSE
VYP100249,5/1/2026,2,1,FALSE
VYP100249,6/1/2026,2,1,FALSE
VYP100249,7/1/2026,2,1,FALSE
VYP100249,8/1/2026,2,1,FALSE
VYP100249,9/1/2026,3,1,FALSE
VYP100250,4/1/2026,2,2,FALSE
VYP100250,5/1/2026,2,2,FALSE
VYP100250,6/1/2026,6,2,FALSE
VYP100250,7/1/2026,3,2,FALSE
VYP100250,8/1/2026,0,2,FALSE
VYP100250,9/1/2026,1,2,FALSE
VYP100251,4/1/2026,5,1,FALSE
VYP100251,5/1/2026,3,1,FALSE
VYP100251,6/1/2026,4,1,FALSE
VYP100251,7/1/2026,4,1,FALSE
VYP100251,8/1/2026,5,1,FALSE
VYP100251,9/1/2026,3,1,FALSE
VYP100252,4/1/2026,3,3,FALSE
VYP100252,5/1/2026,2,3,FALSE
VYP100252,6/1/2026,0,3,FALSE
VYP100252,6/1/2026,0,3,FALSE
VYP100252,7/1/2026,6,3,FALSE
VYP100252,8/1/2026,3,3,FALSE
VYP100252,9/1/2026,3,3,FALSE
VYP100253,4/1/2026,6,2,FALSE
VYP100253,5/1/2026,4,2,FALSE
VYP100253,6/1/2026,2,2,FALSE
VYP100253,7/1/2026,3,2,FALSE
VYP100253,8/1/2026,3,2,FALSE
VYP100253,9/1/2026,2,2,FALSE
VYP100254,4/1/2026,6,1,FALSE
VYP100254,5/1/2026,6,1,FALSE
VYP100254,6/1/2026,5,1,FALSE
VYP100254,7/1/2026,4,1,FALSE
VYP100254,8/1/2026,6,1,FALSE
VYP100254,9/1/2026,4,1,FALSE
VYP100254,9/1/2026,4,1,FALSE
VYP100255,4/1/2026,4,3,FALSE
VYP100255,5/1/2026,4,3,FALSE
VYP100255,6/1/2026,3,3,FALSE
VYP100255,7/1/2026,5,3,FALSE
VYP100255,8/1/2026,3,3,FALSE
VYP100255,9/1/2026,6,3,FALSE
VYP100256,4/1/2026,2,1,FALSE
VYP100256,5/1/2026,1,1,FALSE
VYP100256,6/1/2026,2,1,FALSE
VYP100256,7/1/2026,2,1,FALSE
VYP100256,8/1/2026,2,1,FALSE
VYP100256,9/1/2026,2,1,FALSE
VYP100257,4/1/2026,8,1,FALSE
VYP100257,5/1/2026,5,1,FALSE
VYP100257,6/1/2026,7,1,FALSE
VYP100257,7/1/2026,4,1,FALSE
VYP100257,8/1/2026,4,1,FALSE
VYP100258,4/1/2026,3,1,FALSE
VYP100258,5/1/2026,2,1,FALSE
VYP100258,6/1/2026,1,1,FALSE
VYP100258,7/1/2026,2,1,FALSE
VYP100258,8/1/2026,2,1,FALSE
VYP100258,9/1/2026,3,1,FALSE
VYP100259,4/1/2026,3,2,FALSE
VYP100259,5/1/2026,4,2,FALSE
VYP100259,6/1/2026,4,2,FALSE
VYP100259,7/1/2026,1,2,FALSE
VYP100259,8/1/2026,5,2,FALSE
VYP100259,9/1/2026,7,2,FALSE
VYP100260,4/1/2026,8,1,FALSE
VYP100260,5/1/2026,9,1,FALSE
VYP100260,6/1/2026,10,1,TRUE
VYP100260,7/1/2026,14,1,TRUE
VYP100260,8/1/2026,15,1,TRUE
VYP100260,9/1/2026,13,1,TRUE
VYP100261,4/1/2026,4,1,FALSE
VYP100261,5/1/2026,4,1,FALSE
VYP100261,6/1/2026,2,1,FALSE
VYP100261,7/1/2026,4,1,FALSE
VYP100261,8/1/2026,4,1,FALSE
VYP100261,9/1/2026,3,1,FALSE
VYP100262,4/1/2026,7,1,FALSE
VYP100262,5/1/2026,8,1,FALSE
VYP100262,6/1/2026,8,1,FALSE
VYP100262,7/1/2026,5,1,FALSE
VYP100262,8/1/2026,5,1,FALSE
VYP100262,9/1/2026,5,1,FALSE
VYP100263,4/1/2026,2,1,FALSE
VYP100263,5/1/2026,4,1,FALSE
VYP100263,6/1/2026,4,1,FALSE
VYP100263,7/1/2026,5,1,FALSE
VYP100263,8/1/2026,2,1,FALSE
VYP100263,8/1/2026,2,1,FALSE
VYP100264,4/1/2026,5,1,FALSE
VYP100264,5/1/2026,5,1,FALSE
VYP100264,6/1/2026,3,1,FALSE
VYP100264,7/1/2026,5,1,FALSE
VYP100264,8/1/2026,3,1,FALSE
VYP100264,9/1/2026,5,1,FALSE
VYP100265,4/1/2026,3,1,FALSE
VYP100265,5/1/2026,3,1,FALSE
VYP100265,6/1/2026,3,1,FALSE
VYP100265,7/1/2026,4,1,FALSE
VYP100265,8/1/2026,4,1,FALSE
VYP100265,9/1/2026,6,1,FALSE
VYP100266,4/1/2026,6,1,FALSE
VYP100266,5/1/2026,8,1,FALSE
VYP100266,6/1/2026,9,1,FALSE
VYP100266,7/1/2026,11,1,TRUE
VYP100266,9/1/2026,14,1,TRUE
VYP100267,4/1/2026,5,1,FALSE
VYP100267,5/1/2026,3,1,FALSE
VYP100267,6/1/2026,4,1,FALSE
VYP100267,7/1/2026,4,1,FALSE
VYP100267,8/1/2026,5,1,FALSE
VYP100267,9/1/2026,6,1,FALSE
VYP100268,4/1/2026,6,2,FALSE
VYP100268,5/1/2026,5,2,FALSE
VYP100268,6/1/2026,7,2,FALSE
VYP100268,7/1/2026,10,3,TRUE
VYP100268,8/1/2026,11,3,TRUE
VYP100268,9/1/2026,17,3,TRUE
VYP100269,4/1/2026,6,1,FALSE
VYP100269,5/1/2026,6,1,FALSE
VYP100269,6/1/2026,2,1,FALSE
VYP100269,7/1/2026,4,1,FALSE
VYP100269,8/1/2026,6,1,FALSE
VYP100269,9/1/2026,6,1,FALSE
VYP100270,4/1/2026,6,2,FALSE
VYP100270,5/1/2026,4,2,FALSE
VYP100270,6/1/2026,6,2,FALSE
VYP100270,7/1/2026,3,2,FALSE
VYP100270,8/1/2026,6,2,FALSE
VYP100270,9/1/2026,6,2,FALSE
VYP100271,4/1/2026,5,1,FALSE
VYP100271,5/1/2026,6,1,FALSE
VYP100271,6/1/2026,3,1,FALSE
VYP100271,7/1/2026,6,1,FALSE
VYP100271,8/1/2026,5,1,FALSE
VYP100271,9/1/2026,6,1,FALSE
VYP100272,4/1/2026,2,1,FALSE
VYP100272,5/1/2026,4,1,FALSE
VYP100272,6/1/2026,0,1,FALSE
VYP100272,7/1/2026,2,1,FALSE
VYP100272,8/1/2026,1,1,FALSE
VYP100272,9/1/2026,3,1,FALSE
VYP100273,4/1/2026,4,1,FALSE
VYP100273,5/1/2026,4,1,FALSE
VYP100273,6/1/2026,2,1,FALSE
VYP100273,7/1/2026,3,1,FALSE
VYP100273,8/1/2026,4,1,FALSE
VYP100273,9/1/2026,3,1,FALSE
VYP100274,4/1/2026,3,1,FALSE
VYP100274,5/1/2026,9,1,FALSE
VYP100274,6/1/2026,3,1,FALSE
VYP100274,7/1/2026,4,1,FALSE
VYP100274,8/1/2026,4,1,FALSE
VYP100274,9/1/2026,7,1,FALSE
VYP100275,4/1/2026,9,1,FALSE
VYP100275,5/1/2026,11,2,TRUE
VYP100275,6/1/2026,13,2,TRUE
VYP100275,7/1/2026,19,2,TRUE
VYP100275,8/1/2026,17,2,TRUE
VYP100275,9/1/2026,19,2,TRUE
VYP100276,4/1/2026,4,2,FALSE
VYP100276,5/1/2026,4,2,FALSE
VYP100276,6/1/2026,2,2,FALSE
VYP100276,7/1/2026,3,2,FALSE
VYP100276,8/1/2026,2,2,FALSE
VYP100276,9/1/2026,6,2,FALSE
VYP100277,4/1/2026,4,1,FALSE
VYP100277,5/1/2026,4,1,FALSE
VYP100277,6/1/2026,4,1,FALSE
VYP100277,8/1/2026,4,1,FALSE
VYP100277,9/1/2026,4,1,FALSE
VYP100278,4/1/2026,4,1,FALSE
VYP100278,5/1/2026,6,1,FALSE
VYP100278,6/1/2026,10,1,FALSE
VYP100278,7/1/2026,10,2,TRUE
VYP100278,8/1/2026,14,2,TRUE
VYP100278,9/1/2026,15,2,TRUE
VYP100279,4/1/2026,5,2,FALSE
VYP100279,5/1/2026,6,2,FALSE
VYP100279,6/1/2026,6,2,FALSE
VYP100279,7/1/2026,4,2,FALSE
VYP100279,8/1/2026,5,2,FALSE
VYP100279,9/1/2026,3,2,FALSE
VYP100280,4/1/2026,5,1,FALSE
VYP100280,5/1/2026,6,1,FALSE
VYP100280,6/1/2026,6,1,FALSE
VYP100280,7/1/2026,5,1,FALSE
VYP100280,8/1/2026,4,1,FALSE
VYP100280,9/1/2026,5,1,FALSE
VYP100281,4/1/2026,9,1,FALSE
VYP100281,5/1/2026,11,1,TRUE
VYP100281,6/1/2026,13,1,TRUE
VYP100281,7/1/2026,14,1,TRUE
VYP100281,8/1/2026,14,1,TRUE
VYP100281,9/1/2026,15,1,TRUE
VYP100282,4/1/2026,1,1,FALSE
VYP100282,5/1/2026,4,1,FALSE
VYP100282,6/1/2026,1,1,FALSE
VYP100282,7/1/2026,1,1,FALSE
VYP100282,8/1/2026,3,1,FALSE
VYP100282,9/1/2026,5,1,FALSE
VYP100283,4/1/2026,2,1,FALSE
VYP100283,5/1/2026,5,1,FALSE
VYP100283,6/1/2026,3,1,FALSE
VYP100283,7/1/2026,3,1,FALSE
VYP100283,8/1/2026,5,1,FALSE
VYP100283,9/1/2026,4,1,FALSE
VYP100284,4/1/2026,7,1,FALSE
VYP100284,5/1/2026,8,1,FALSE
VYP100284,6/1/2026,9,1,FALSE
VYP100284,7/1/2026,12,2,TRUE
VYP100284,8/1/2026,18,2,TRUE
VYP100284,9/1/2026,14,2,TRUE
VYP100285,4/1/2026,7,2,FALSE
VYP100285,4/1/2026,7,2,FALSE
VYP100285,5/1/2026,7,2,FALSE
VYP100285,6/1/2026,4,2,FALSE
VYP100285,7/1/2026,5,2,FALSE
VYP100285,8/1/2026,5,2,FALSE
VYP100285,9/1/2026,5,2,FALSE
VYP100286,4/1/2026,5,3,FALSE
VYP100286,5/1/2026,5,3,FALSE
VYP100286,6/1/2026,5,3,FALSE
VYP100286,7/1/2026,5,3,FALSE
VYP100286,8/1/2026,3,3,FALSE
VYP100286,9/1/2026,5,3,FALSE
VYP100287,4/1/2026,3,1,FALSE
VYP100287,5/1/2026,3,1,FALSE
VYP100287,6/1/2026,2,1,FALSE
VYP100287,7/1/2026,2,1,FALSE
VYP100287,8/1/2026,0,1,FALSE
VYP100287,9/1/2026,6,1,FALSE
VYP100288,4/1/2026,6,2,FALSE
VYP100288,5/1/2026,3,2,FALSE
VYP100288,6/1/2026,6,2,FALSE
VYP100288,7/1/2026,7,2,FALSE
VYP100288,8/1/2026,7,2,FALSE
VYP100288,9/1/2026,7,2,FALSE
VYP100289,4/1/2026,3,2,FALSE
VYP100289,5/1/2026,3,2,FALSE
VYP100289,6/1/2026,4,2,FALSE
VYP100289,7/1/2026,4,2,FALSE
VYP100289,8/1/2026,5,2,FALSE
VYP100289,9/1/2026,5,2,FALSE
VYP100290,4/1/2026,5,1,FALSE
VYP100290,5/1/2026,6,1,FALSE
VYP100290,6/1/2026,5,1,FALSE
VYP100290,7/1/2026,5,1,FALSE
VYP100290,8/1/2026,6,1,FALSE
VYP100290,9/1/2026,5,1,FALSE
VYP100291,4/1/2026,2,2,FALSE
VYP100291,5/1/2026,2,2,FALSE
VYP100291,6/1/2026,5,2,FALSE
VYP100291,7/1/2026,4,2,FALSE
VYP100291,8/1/2026,0,2,FALSE
VYP100291,9/1/2026,2,2,FALSE
VYP100292,4/1/2026,0,2,FALSE
VYP100292,5/1/2026,3,2,FALSE
VYP100292,6/1/2026,2,2,FALSE
VYP100292,7/1/2026,3,2,FALSE
VYP100292,8/1/2026,3,2,FALSE
VYP100292,9/1/2026,3,2,FALSE
VYP100293,4/1/2026,6,3,FALSE
VYP100293,5/1/2026,6,3,FALSE
VYP100293,6/1/2026,9,3,FALSE
VYP100293,7/1/2026,14,3,TRUE
VYP100293,8/1/2026,12,3,TRUE
VYP100294,4/1/2026,7,3,FALSE
VYP100294,5/1/2026,1,3,FALSE
VYP100294,6/1/2026,0,3,FALSE
VYP100294,7/1/2026,4,3,FALSE
VYP100294,8/1/2026,4,3,FALSE
VYP100294,9/1/2026,1,3,FALSE
VYP100295,4/1/2026,3,1,FALSE
VYP100295,5/1/2026,3,1,FALSE
VYP100295,6/1/2026,4,1,FALSE
VYP100295,7/1/2026,4,1,FALSE
VYP100295,8/1/2026,2,1,FALSE
VYP100295,9/1/2026,4,1,FALSE
VYP100296,4/1/2026,5,1,FALSE
VYP100296,5/1/2026,7,1,FALSE
VYP100296,6/1/2026,3,1,FALSE
VYP100296,7/1/2026,7,1,FALSE
VYP100296,8/1/2026,5,1,FALSE
VYP100296,9/1/2026,4,1,FALSE
VYP100297,4/1/2026,1,1,FALSE
VYP100297,5/1/2026,4,1,FALSE
VYP100297,6/1/2026,4,1,FALSE
VYP100297,7/1/2026,1,1,FALSE
VYP100297,8/1/2026,1,1,FALSE
VYP100297,9/1/2026,0,1,FALSE
VYP100298,4/1/2026,7,1,FALSE
VYP100298,5/1/2026,5,1,FALSE
VYP100298,6/1/2026,6,1,FALSE
VYP100298,7/1/2026,7,1,FALSE
VYP100298,8/1/2026,6,1,FALSE
VYP100298,9/1/2026,6,1,FALSE
VYP100299,4/1/2026,6,1,FALSE
VYP100299,5/1/2026,5,1,FALSE
VYP100299,6/1/2026,5,1,FALSE
VYP100299,7/1/2026,5,1,FALSE
VYP100299,8/1/2026,4,1,FALSE
VYP100299,9/1/2026,5,1,FALSE
VYP100300,4/1/2026,7,3,FALSE
VYP100300,6/1/2026,12,3,TRUE
VYP100300,7/1/2026,18,3,TRUE
VYP100300,8/1/2026,17,3,TRUE
VYP100300,9/1/2026,17,3,TRUE
VYP100301,4/1/2026,5,1,FALSE
VYP100301,5/1/2026,4,1,FALSE
VYP100301,6/1/2026,2,1,FALSE
VYP100301,7/1/2026,5,1,FALSE
VYP100301,8/1/2026,4,1,FALSE
VYP100301,9/1/2026,4,1,FALSE
VYP100302,4/1/2026,6,1,FALSE
VYP100302,5/1/2026,6,1,FALSE
VYP100302,6/1/2026,7,1,FALSE
VYP100302,7/1/2026,6,1,FALSE
VYP100302,8/1/2026,5,1,FALSE
VYP100303,4/1/2026,4,2,FALSE
VYP100303,5/1/2026,5,2,FALSE
VYP100303,6/1/2026,5,2,FALSE
VYP100303,7/1/2026,6,2,FALSE
VYP100303,8/1/2026,2,2,FALSE
VYP100303,9/1/2026,6,2,FALSE
VYP100304,4/1/2026,8,1,FALSE
VYP100304,5/1/2026,2,1,FALSE
VYP100304,6/1/2026,2,1,FALSE
VYP100304,7/1/2026,3,1,FALSE
VYP100304,8/1/2026,3,1,FALSE
VYP100304,9/1/2026,4,1,FALSE
VYP100305,4/1/2026,6,1,FALSE
VYP100305,5/1/2026,6,1,FALSE
VYP100305,6/1/2026,6,1,FALSE
VYP100305,7/1/2026,5,1,FALSE
VYP100305,8/1/2026,7,1,FALSE
VYP100305,9/1/2026,6,1,FALSE
VYP100306,4/1/2026,4,3,FALSE
VYP100306,5/1/2026,4,3,FALSE
VYP100306,6/1/2026,5,3,FALSE
VYP100306,7/1/2026,7,3,FALSE
VYP100306,8/1/2026,2,3,FALSE
VYP100306,9/1/2026,5,3,FALSE
VYP100307,4/1/2026,3,1,FALSE
VYP100307,5/1/2026,4,1,FALSE
VYP100307,6/1/2026,4,1,FALSE
VYP100307,7/1/2026,5,1,FALSE
VYP100307,7/1/2026,5,1,FALSE
VYP100307,8/1/2026,1,1,FALSE
VYP100307,9/1/2026,3,1,FALSE
VYP100308,4/1/2026,-1,1,FALSE
VYP100308,5/1/2026,3,1,FALSE
VYP100308,6/1/2026,4,1,FALSE
VYP100308,7/1/2026,3,1,FALSE
VYP100308,8/1/2026,3,1,FALSE
VYP100308,9/1/2026,4,1,FALSE
VYP100309,4/1/2026,3,1,FALSE
VYP100309,5/1/2026,4,1,FALSE
VYP100309,6/1/2026,5,1,FALSE
VYP100309,7/1/2026,4,1,FALSE
VYP100309,8/1/2026,4,1,FALSE
VYP100309,9/1/2026,4,1,FALSE
VYP100310,4/1/2026,3,3,FALSE
VYP100310,5/1/2026,7,3,FALSE
VYP100310,6/1/2026,6,3,FALSE
VYP100310,7/1/2026,6,3,FALSE
VYP100310,8/1/2026,5,3,FALSE
VYP100310,9/1/2026,4,3,FALSE
VYP100311,4/1/2026,2,1,FALSE
VYP100311,5/1/2026,4,1,FALSE
VYP100311,6/1/2026,2,1,FALSE
VYP100311,7/1/2026,4,1,FALSE
VYP100311,8/1/2026,5,1,FALSE
VYP100311,9/1/2026,5,1,FALSE
VYP100312,4/1/2026,3,1,FALSE
VYP100312,5/1/2026,0,1,FALSE
VYP100312,6/1/2026,4,1,FALSE
VYP100312,7/1/2026,0,1,FALSE
VYP100312,8/1/2026,1,1,FALSE
VYP100312,9/1/2026,0,1,FALSE
VYP100313,4/1/2026,6,1,FALSE
VYP100313,5/1/2026,4,1,FALSE
VYP100313,5/1/2026,4,1,FALSE
VYP100313,6/1/2026,5,1,FALSE
VYP100313,7/1/2026,5,1,FALSE
VYP100313,8/1/2026,6,1,FALSE
VYP100313,9/1/2026,4,1,FALSE
VYP100314,4/1/2026,3,1,FALSE
VYP100314,5/1/2026,6,1,FALSE
VYP100314,6/1/2026,5,1,FALSE
VYP100314,7/1/2026,5,1,FALSE
VYP100314,8/1/2026,3,1,FALSE
VYP100314,9/1/2026,3,1,FALSE
VYP100315,4/1/2026,3,3,FALSE
VYP100315,5/1/2026,5,3,FALSE
VYP100315,6/1/2026,2,3,FALSE
VYP100315,7/1/2026,3,3,FALSE
VYP100315,8/1/2026,5,3,FALSE
VYP100315,9/1/2026,3,3,FALSE
VYP100316,4/1/2026,4,1,FALSE
VYP100316,5/1/2026,6,1,FALSE
VYP100316,6/1/2026,7,2,FALSE
VYP100316,7/1/2026,10,2,FALSE
VYP100316,8/1/2026,11,2,TRUE
VYP100316,9/1/2026,12,2,TRUE
VYP100317,4/1/2026,7,3,FALSE
VYP100317,5/1/2026,10,3,TRUE
VYP100317,6/1/2026,13,3,TRUE
VYP100317,7/1/2026,14,3,TRUE
VYP100317,8/1/2026,17,3,TRUE
VYP100317,9/1/2026,14,3,TRUE
VYP100318,4/1/2026,2,1,FALSE
VYP100318,5/1/2026,3,1,FALSE
VYP100318,6/1/2026,3,1,FALSE
VYP100318,7/1/2026,3,1,FALSE
VYP100318,8/1/2026,2,1,FALSE
VYP100318,9/1/2026,1,1,FALSE
VYP100319,4/1/2026,5,1,FALSE
VYP100319,5/1/2026,5,1,FALSE
VYP100319,6/1/2026,6,1,FALSE
VYP100319,7/1/2026,5,1,FALSE
VYP100319,8/1/2026,5,1,FALSE
VYP100319,9/1/2026,6,1,FALSE
VYP100320,4/1/2026,1,3,FALSE
VYP100320,5/1/2026,2,3,FALSE
VYP100320,6/1/2026,0,3,FALSE
VYP100320,7/1/2026,3,3,FALSE
VYP100320,8/1/2026,4,3,FALSE
VYP100320,9/1/2026,1,3,FALSE
VYP100321,4/1/2026,4,1,FALSE
VYP100321,5/1/2026,7,1,FALSE
VYP100321,6/1/2026,6,1,FALSE
VYP100321,7/1/2026,4,1,FALSE
VYP100321,8/1/2026,6,1,FALSE
VYP100321,9/1/2026,5,1,FALSE
VYP100322,4/1/2026,5,1,FALSE
VYP100322,5/1/2026,8,1,FALSE
VYP100322,6/1/2026,5,1,FALSE
VYP100322,7/1/2026,6,1,FALSE
VYP100322,8/1/2026,5,1,FALSE
VYP100322,9/1/2026,5,1,FALSE
VYP100323,4/1/2026,6,3,FALSE
VYP100323,5/1/2026,5,3,FALSE
VYP100323,6/1/2026,4,3,FALSE
VYP100323,7/1/2026,6,3,FALSE
VYP100323,8/1/2026,4,3,FALSE
VYP100323,9/1/2026,5,3,FALSE
VYP100324,4/1/2026,7,1,FALSE
VYP100324,5/1/2026,8,1,FALSE
VYP100324,6/1/2026,10,1,FALSE
VYP100324,7/1/2026,14,2,TRUE
VYP100324,8/1/2026,18,2,TRUE
VYP100324,9/1/2026,17,2,TRUE
VYP100325,4/1/2026,2,1,FALSE
VYP100325,5/1/2026,4,1,FALSE
VYP100325,6/1/2026,7,1,FALSE
VYP100325,7/1/2026,7,1,FALSE
VYP100325,8/1/2026,7,1,FALSE
VYP100325,9/1/2026,6,1,FALSE
VYP100326,4/1/2026,4,3,FALSE
VYP100326,5/1/2026,7,3,FALSE
VYP100326,6/1/2026,4,3,FALSE
VYP100326,7/1/2026,4,3,FALSE
VYP100326,8/1/2026,2,3,FALSE
VYP100326,9/1/2026,3,3,FALSE
VYP100327,4/1/2026,0,1,FALSE
VYP100327,5/1/2026,1,1,FALSE
VYP100327,6/1/2026,4,1,FALSE
VYP100327,7/1/2026,2,1,FALSE
VYP100327,8/1/2026,3,1,FALSE
VYP100327,9/1/2026,5,1,FALSE
VYP100328,4/1/2026,5,1,FALSE
VYP100328,5/1/2026,6,1,FALSE
VYP100328,6/1/2026,6,1,FALSE
VYP100328,7/1/2026,4,1,FALSE
VYP100328,8/1/2026,4,1,FALSE
VYP100328,9/1/2026,4,1,FALSE
VYP100329,4/1/2026,4,1,FALSE
VYP100329,5/1/2026,5,1,FALSE
VYP100329,6/1/2026,4,1,FALSE
VYP100329,7/1/2026,4,1,FALSE
VYP100329,8/1/2026,5,1,FALSE
VYP100329,9/1/2026,5,1,FALSE
VYP100330,4/1/2026,3,1,FALSE
VYP100330,5/1/2026,5,1,FALSE
VYP100330,6/1/2026,2,1,FALSE
VYP100330,7/1/2026,2,1,FALSE
VYP100330,8/1/2026,2,1,FALSE
VYP100330,9/1/2026,4,1,FALSE
VYP100331,4/1/2026,6,1,FALSE
VYP100331,5/1/2026,4,1,FALSE
VYP100331,6/1/2026,7,1,FALSE
VYP100331,7/1/2026,8,1,FALSE
VYP100331,8/1/2026,7,1,FALSE
VYP100331,9/1/2026,5,1,FALSE
VYP100332,4/1/2026,6,2,FALSE
VYP100332,5/1/2026,3,2,FALSE
VYP100332,6/1/2026,6,2,FALSE
VYP100332,7/1/2026,5,2,FALSE
VYP100332,8/1/2026,4,2,FALSE
VYP100332,9/1/2026,5,2,FALSE
VYP100333,4/1/2026,9,1,FALSE
VYP100333,5/1/2026,7,1,FALSE
VYP100333,6/1/2026,3,1,FALSE
VYP100333,7/1/2026,4,1,FALSE
VYP100333,8/1/2026,4,1,FALSE
VYP100333,9/1/2026,8,1,FALSE
VYP100334,4/1/2026,4,2,FALSE
VYP100334,5/1/2026,4,2,FALSE
VYP100334,6/1/2026,3,2,FALSE
VYP100334,7/1/2026,5,2,FALSE
VYP100334,8/1/2026,4,2,FALSE
VYP100334,9/1/2026,4,2,FALSE
VYP100335,4/1/2026,3,1,FALSE
VYP100335,5/1/2026,5,1,FALSE
VYP100335,6/1/2026,6,1,FALSE
VYP100335,7/1/2026,7,1,FALSE
VYP100335,8/1/2026,5,1,FALSE
VYP100335,9/1/2026,3,1,FALSE
VYP100336,4/1/2026,5,1,FALSE
VYP100336,5/1/2026,0,1,FALSE
VYP100336,6/1/2026,6,1,FALSE
VYP100336,7/1/2026,5,1,FALSE
VYP100336,8/1/2026,4,1,FALSE
VYP100336,9/1/2026,4,1,FALSE
VYP100337,4/1/2026,4,1,FALSE
VYP100337,5/1/2026,5,1,FALSE
VYP100337,6/1/2026,4,1,FALSE
VYP100337,7/1/2026,3,1,FALSE
VYP100337,8/1/2026,4,1,FALSE
VYP100337,9/1/2026,4,1,FALSE
VYP100338,4/1/2026,5,2,FALSE
VYP100338,5/1/2026,4,2,FALSE
VYP100338,6/1/2026,4,2,FALSE
VYP100338,7/1/2026,4,2,FALSE
VYP100338,8/1/2026,7,2,FALSE
VYP100338,9/1/2026,3,2,FALSE
VYP100339,4/1/2026,4,1,FALSE
VYP100339,5/1/2026,8,1,FALSE
VYP100339,6/1/2026,9,1,FALSE
VYP100339,7/1/2026,11,2,TRUE
VYP100339,8/1/2026,14,3,TRUE
VYP100339,9/1/2026,14,3,TRUE
VYP100340,4/1/2026,1,1,FALSE
VYP100340,5/1/2026,2,1,FALSE
VYP100340,6/1/2026,5,1,FALSE
VYP100340,7/1/2026,6,1,FALSE
VYP100340,8/1/2026,3,1,FALSE
VYP100340,9/1/2026,2,1,FALSE
VYP100341,4/1/2026,7,3,FALSE
VYP100341,5/1/2026,9,3,FALSE
VYP100341,6/1/2026,11,3,TRUE
VYP100341,7/1/2026,12,3,TRUE
VYP100341,8/1/2026,14,3,TRUE
VYP100341,9/1/2026,18,3,TRUE
VYP100342,4/1/2026,7,2,FALSE
VYP100342,5/1/2026,6,2,FALSE
VYP100342,6/1/2026,3,2,FALSE
VYP100342,7/1/2026,5,2,FALSE
VYP100342,8/1/2026,5,2,FALSE
VYP100342,9/1/2026,7,2,FALSE
VYP100343,4/1/2026,3,1,FALSE
VYP100343,5/1/2026,2,1,FALSE
VYP100343,6/1/2026,2,1,FALSE
VYP100343,7/1/2026,5,1,FALSE
VYP100343,8/1/2026,1,1,FALSE
VYP100343,9/1/2026,4,1,FALSE
VYP100344,4/1/2026,5,3,FALSE
VYP100344,5/1/2026,4,3,FALSE
VYP100344,6/1/2026,8,3,FALSE
VYP100344,7/1/2026,6,3,FALSE
VYP100344,8/1/2026,7,3,FALSE
VYP100344,9/1/2026,4,3,FALSE
VYP100345,4/1/2026,6,1,FALSE
VYP100345,5/1/2026,2,1,FALSE
VYP100345,6/1/2026,4,1,FALSE
VYP100345,7/1/2026,3,1,FALSE
VYP100345,8/1/2026,5,1,FALSE
VYP100345,9/1/2026,4,1,FALSE
VYP100346,4/1/2026,9,1,FALSE
VYP100346,5/1/2026,3,1,FALSE
VYP100346,6/1/2026,2,1,FALSE
VYP100346,7/1/2026,3,1,FALSE
VYP100346,8/1/2026,6,1,FALSE
VYP100346,9/1/2026,3,1,FALSE
VYP100347,4/1/2026,7,1,FALSE
VYP100347,6/1/2026,13,1,TRUE
VYP100347,7/1/2026,12,1,TRUE
VYP100347,8/1/2026,13,1,TRUE
VYP100347,9/1/2026,17,1,TRUE
VYP100348,4/1/2026,4,1,FALSE
VYP100348,5/1/2026,4,1,FALSE
VYP100348,6/1/2026,3,1,FALSE
VYP100348,7/1/2026,2,1,FALSE
VYP100348,8/1/2026,5,1,FALSE
VYP100348,9/1/2026,2,1,FALSE
VYP100349,4/1/2026,2,1,FALSE
VYP100349,5/1/2026,6,1,FALSE
VYP100349,6/1/2026,4,1,FALSE
VYP100349,7/1/2026,6,1,FALSE
VYP100349,8/1/2026,6,1,FALSE
VYP100349,9/1/2026,6,1,FALSE
VYP100350,4/1/2026,5,2,FALSE
VYP100350,5/1/2026,5,2,FALSE
VYP100350,6/1/2026,6,2,FALSE
VYP100350,7/1/2026,5,2,FALSE
VYP100350,8/1/2026,7,2,FALSE
VYP100350,9/1/2026,4,2,FALSE
VYP100351,4/1/2026,2,1,FALSE
VYP100351,5/1/2026,5,1,FALSE
VYP100351,6/1/2026,6,1,FALSE
VYP100351,7/1/2026,9,2,FALSE
VYP100351,8/1/2026,9,3,FALSE
VYP100352,4/1/2026,4,2,FALSE
VYP100352,6/1/2026,3,2,FALSE
VYP100352,7/1/2026,6,2,FALSE
VYP100352,8/1/2026,2,2,FALSE
VYP100352,9/1/2026,4,2,FALSE
VYP100353,4/1/2026,8,3,FALSE
VYP100353,5/1/2026,7,3,FALSE
VYP100353,6/1/2026,8,3,FALSE
VYP100353,7/1/2026,6,3,FALSE
VYP100353,8/1/2026,7,3,FALSE
VYP100353,9/1/2026,5,3,FALSE
VYP100354,4/1/2026,5,2,FALSE
VYP100354,5/1/2026,3,2,FALSE
VYP100354,6/1/2026,5,2,FALSE
VYP100354,7/1/2026,4,2,FALSE
VYP100354,8/1/2026,5,2,FALSE
VYP100354,9/1/2026,7,2,FALSE
VYP100355,4/1/2026,5,2,FALSE
VYP100355,5/1/2026,3,2,FALSE
VYP100355,6/1/2026,3,2,FALSE
VYP100355,7/1/2026,6,2,FALSE
VYP100355,8/1/2026,3,2,FALSE
VYP100355,9/1/2026,4,2,FALSE
VYP100356,4/1/2026,4,2,FALSE
VYP100356,5/1/2026,2,2,FALSE
VYP100356,6/1/2026,5,2,FALSE
VYP100356,7/1/2026,4,2,FALSE
VYP100356,8/1/2026,4,2,FALSE
VYP100356,9/1/2026,4,2,FALSE
VYP100357,4/1/2026,6,3,FALSE
VYP100357,5/1/2026,4,3,FALSE
VYP100357,7/1/2026,6,3,FALSE
VYP100357,8/1/2026,5,3,FALSE
VYP100357,9/1/2026,8,3,FALSE
VYP100358,4/1/2026,5,1,FALSE
VYP100358,5/1/2026,8,1,FALSE
VYP100358,6/1/2026,6,1,FALSE
VYP100358,7/1/2026,5,1,FALSE
VYP100358,8/1/2026,5,1,FALSE
VYP100358,9/1/2026,6,1,FALSE
VYP100359,4/1/2026,4,1,FALSE
VYP100359,5/1/2026,5,1,FALSE
VYP100359,6/1/2026,3,1,FALSE
VYP100359,7/1/2026,4,1,FALSE
VYP100359,8/1/2026,7,1,FALSE
VYP100359,9/1/2026,5,1,FALSE
VYP100360,4/1/2026,5,1,FALSE
VYP100360,5/1/2026,6,1,FALSE
VYP100360,6/1/2026,5,1,FALSE
VYP100360,7/1/2026,5,1,FALSE
VYP100360,8/1/2026,6,1,FALSE
VYP100360,9/1/2026,6,1,FALSE
VYP100361,4/1/2026,4,1,FALSE
VYP100361,5/1/2026,3,1,FALSE
VYP100361,6/1/2026,4,1,FALSE
VYP100361,7/1/2026,3,1,FALSE
VYP100361,8/1/2026,3,1,FALSE
VYP100361,9/1/2026,5,1,FALSE
VYP100362,4/1/2026,3,1,FALSE
VYP100362,5/1/2026,3,1,FALSE
VYP100362,6/1/2026,4,1,FALSE
VYP100362,7/1/2026,2,1,FALSE
VYP100362,8/1/2026,4,1,FALSE
VYP100362,9/1/2026,2,1,FALSE
VYP100363,4/1/2026,4,2,FALSE
VYP100363,5/1/2026,7,2,FALSE
VYP100363,6/1/2026,5,2,FALSE
VYP100363,7/1/2026,2,2,FALSE
VYP100363,8/1/2026,4,2,FALSE
VYP100363,9/1/2026,4,2,FALSE
VYP100364,4/1/2026,3,1,FALSE
VYP100364,5/1/2026,7,1,FALSE
VYP100364,5/1/2026,7,1,FALSE
VYP100364,6/1/2026,6,1,FALSE
VYP100364,7/1/2026,3,1,FALSE
VYP100364,8/1/2026,2,1,FALSE
VYP100364,9/1/2026,5,1,FALSE
VYP100365,4/1/2026,2,3,FALSE
VYP100365,5/1/2026,2,3,FALSE
VYP100365,6/1/2026,2,3,FALSE
VYP100365,7/1/2026,2,3,FALSE
VYP100365,8/1/2026,4,3,FALSE
VYP100365,9/1/2026,4,3,FALSE
VYP100366,4/1/2026,6,1,FALSE
VYP100366,5/1/2026,7,1,FALSE
VYP100366,6/1/2026,8,1,FALSE
VYP100366,7/1/2026,12,1,TRUE
VYP100366,8/1/2026,16,1,TRUE
VYP100366,9/1/2026,17,1,TRUE
VYP100367,4/1/2026,3,1,FALSE
VYP100367,5/1/2026,3,1,FALSE
VYP100367,6/1/2026,5,1,FALSE
VYP100367,7/1/2026,4,1,FALSE
VYP100367,8/1/2026,3,1,FALSE
VYP100367,9/1/2026,5,1,FALSE
VYP100368,4/1/2026,4,1,FALSE
VYP100368,5/1/2026,2,1,FALSE
VYP100368,6/1/2026,4,1,FALSE
VYP100368,7/1/2026,4,1,FALSE
VYP100368,8/1/2026,2,1,FALSE
VYP100368,9/1/2026,2,1,FALSE
VYP100369,4/1/2026,5,1,FALSE
VYP100369,5/1/2026,7,1,FALSE
VYP100369,6/1/2026,10,1,TRUE
VYP100369,7/1/2026,12,2,TRUE
VYP100369,8/1/2026,13,2,TRUE
VYP100369,9/1/2026,15,2,TRUE
VYP100370,4/1/2026,3,1,FALSE
VYP100370,5/1/2026,3,1,FALSE
VYP100370,6/1/2026,2,1,FALSE
VYP100370,7/1/2026,3,1,FALSE
VYP100370,8/1/2026,3,1,FALSE
VYP100370,9/1/2026,3,1,FALSE
VYP100371,4/1/2026,7,1,FALSE
VYP100371,5/1/2026,6,1,FALSE
VYP100371,6/1/2026,6,1,FALSE
VYP100371,7/1/2026,8,1,FALSE
VYP100371,8/1/2026,6,1,FALSE
VYP100371,9/1/2026,5,1,FALSE
VYP100372,4/1/2026,5,1,FALSE
VYP100372,5/1/2026,2,1,FALSE
VYP100372,6/1/2026,3,1,FALSE
VYP100372,7/1/2026,6,1,FALSE
VYP100372,8/1/2026,4,1,FALSE
VYP100372,9/1/2026,5,1,FALSE
VYP100373,4/1/2026,5,1,FALSE
VYP100373,5/1/2026,6,1,FALSE
VYP100373,6/1/2026,8,1,FALSE
VYP100373,7/1/2026,9,1,FALSE
VYP100373,8/1/2026,11,1,TRUE
VYP100373,9/1/2026,13,1,TRUE
VYP100374,4/1/2026,4,1,FALSE
VYP100374,5/1/2026,5,1,FALSE
VYP100374,6/1/2026,3,1,FALSE
VYP100374,7/1/2026,5,1,FALSE
VYP100374,8/1/2026,4,1,FALSE
VYP100374,9/1/2026,6,1,FALSE
VYP100375,4/1/2026,6,1,FALSE
VYP100375,5/1/2026,3,1,FALSE
VYP100375,6/1/2026,4,1,FALSE
VYP100375,7/1/2026,5,1,FALSE
VYP100375,9/1/2026,4,1,FALSE
VYP100376,4/1/2026,3,1,FALSE
VYP100376,5/1/2026,8,1,FALSE
VYP100376,6/1/2026,6,1,FALSE
VYP100376,7/1/2026,5,1,FALSE
VYP100376,8/1/2026,9,1,FALSE
VYP100376,9/1/2026,6,1,FALSE
VYP100377,4/1/2026,0,1,FALSE
VYP100377,5/1/2026,1,1,FALSE
VYP100377,6/1/2026,1,1,FALSE
VYP100377,7/1/2026,2,1,FALSE
VYP100377,8/1/2026,0,1,FALSE
VYP100377,9/1/2026,1,1,FALSE
VYP100378,4/1/2026,2,1,FALSE
VYP100378,5/1/2026,5,1,FALSE
VYP100378,6/1/2026,5,1,FALSE
VYP100378,7/1/2026,4,1,FALSE
VYP100378,8/1/2026,5,1,FALSE
VYP100378,9/1/2026,5,1,FALSE
VYP100379,4/1/2026,4,1,FALSE
VYP100379,5/1/2026,5,1,FALSE
VYP100379,6/1/2026,4,1,FALSE
VYP100379,7/1/2026,4,1,FALSE
VYP100379,8/1/2026,5,1,FALSE
VYP100379,9/1/2026,6,1,FALSE
VYP100380,4/1/2026,4,1,FALSE
VYP100380,5/1/2026,7,1,FALSE
VYP100380,6/1/2026,4,1,FALSE
VYP100380,7/1/2026,8,1,FALSE
VYP100380,8/1/2026,7,1,FALSE
VYP100380,9/1/2026,5,1,FALSE
VYP100381,4/1/2026,4,2,FALSE
VYP100381,5/1/2026,3,2,FALSE
VYP100381,6/1/2026,2,2,FALSE
VYP100381,6/1/2026,2,2,FALSE
VYP100381,7/1/2026,5,2,FALSE
VYP100381,8/1/2026,2,2,FALSE
VYP100381,9/1/2026,1,2,FALSE
VYP100382,4/1/2026,4,3,FALSE
VYP100382,5/1/2026,3,3,FALSE
VYP100382,6/1/2026,4,3,FALSE
VYP100382,7/1/2026,2,3,FALSE
VYP100382,8/1/2026,4,3,FALSE
VYP100382,9/1/2026,6,3,FALSE
VYP100383,4/1/2026,1,3,FALSE
VYP100383,5/1/2026,1,3,FALSE
VYP100383,6/1/2026,3,3,FALSE
VYP100383,7/1/2026,3,3,FALSE
VYP100383,8/1/2026,3,3,FALSE
VYP100383,9/1/2026,2,3,FALSE
VYP100384,4/1/2026,2,1,FALSE
VYP100384,5/1/2026,2,1,FALSE
VYP100384,6/1/2026,3,1,FALSE
VYP100384,7/1/2026,2,1,FALSE
VYP100384,8/1/2026,3,1,FALSE
VYP100384,9/1/2026,3,1,FALSE
VYP100385,4/1/2026,8,1,FALSE
VYP100385,5/1/2026,5,1,FALSE
VYP100385,6/1/2026,9,1,FALSE
VYP100385,7/1/2026,5,1,FALSE
VYP100385,8/1/2026,6,1,FALSE
VYP100385,9/1/2026,4,1,FALSE
VYP100386,4/1/2026,6,1,FALSE
VYP100386,5/1/2026,7,1,FALSE
VYP100386,6/1/2026,6,1,FALSE
VYP100386,7/1/2026,6,1,FALSE
VYP100386,8/1/2026,4,1,FALSE
VYP100386,9/1/2026,7,1,FALSE
VYP100387,4/1/2026,4,2,FALSE
VYP100387,5/1/2026,4,2,FALSE
VYP100387,6/1/2026,6,2,FALSE
VYP100387,7/1/2026,5,2,FALSE
VYP100387,8/1/2026,7,2,FALSE
VYP100387,9/1/2026,3,2,FALSE
VYP100388,4/1/2026,3,2,FALSE
VYP100388,5/1/2026,4,2,FALSE
VYP100388,6/1/2026,3,2,FALSE
VYP100388,7/1/2026,5,2,FALSE
VYP100388,8/1/2026,1,2,FALSE
VYP100388,9/1/2026,3,2,FALSE
VYP100389,4/1/2026,6,2,FALSE
VYP100389,5/1/2026,4,2,FALSE
VYP100389,6/1/2026,5,2,FALSE
VYP100389,7/1/2026,4,2,FALSE
VYP100389,8/1/2026,4,2,FALSE
VYP100389,8/1/2026,4,2,FALSE
VYP100389,9/1/2026,4,2,FALSE
VYP100390,4/1/2026,6,3,FALSE
VYP100390,5/1/2026,6,3,FALSE
VYP100390,6/1/2026,3,3,FALSE
VYP100390,7/1/2026,4,3,FALSE
VYP100390,8/1/2026,5,3,FALSE
VYP100390,9/1/2026,6,3,FALSE
VYP100391,4/1/2026,8,1,FALSE
VYP100391,5/1/2026,10,2,FALSE
VYP100391,6/1/2026,12,3,TRUE
VYP100391,7/1/2026,18,3,TRUE
VYP100391,8/1/2026,15,3,TRUE
VYP100391,9/1/2026,14,3,TRUE
VYP100392,4/1/2026,3,2,FALSE
VYP100392,5/1/2026,4,2,FALSE
VYP100392,6/1/2026,7,2,FALSE
VYP100392,7/1/2026,5,2,FALSE
VYP100392,8/1/2026,6,2,FALSE
VYP100392,9/1/2026,4,2,FALSE
VYP100393,4/1/2026,5,2,FALSE
VYP100393,5/1/2026,3,2,FALSE
VYP100393,6/1/2026,4,2,FALSE
VYP100393,7/1/2026,5,2,FALSE
VYP100393,8/1/2026,3,2,FALSE
VYP100393,9/1/2026,4,2,FALSE
VYP100394,4/1/2026,7,1,FALSE
VYP100394,5/1/2026,5,1,FALSE
VYP100394,6/1/2026,5,1,FALSE
VYP100394,7/1/2026,6,1,FALSE
VYP100394,8/1/2026,6,1,FALSE
VYP100394,9/1/2026,5,1,FALSE
VYP100395,4/1/2026,4,3,FALSE
VYP100395,4/1/2026,4,3,FALSE
VYP100395,5/1/2026,5,3,FALSE
VYP100395,6/1/2026,2,3,FALSE
VYP100395,7/1/2026,3,3,FALSE
VYP100395,8/1/2026,7,3,FALSE
VYP100395,9/1/2026,4,3,FALSE
VYP100396,4/1/2026,4,1,FALSE
VYP100396,5/1/2026,2,1,FALSE
VYP100396,6/1/2026,2,1,FALSE
VYP100396,7/1/2026,4,1,FALSE
VYP100396,8/1/2026,3,1,FALSE
VYP100396,9/1/2026,4,1,FALSE
VYP100397,4/1/2026,4,3,FALSE
VYP100397,5/1/2026,3,3,FALSE
VYP100397,6/1/2026,2,3,FALSE
VYP100397,7/1/2026,2,3,FALSE
VYP100397,8/1/2026,1,3,FALSE
VYP100397,9/1/2026,0,3,FALSE
VYP100398,4/1/2026,2,2,FALSE
VYP100398,5/1/2026,3,2,FALSE
VYP100398,6/1/2026,4,2,FALSE
VYP100398,7/1/2026,0,2,FALSE
VYP100398,8/1/2026,4,2,FALSE
VYP100398,9/1/2026,5,2,FALSE
VYP100399,4/1/2026,3,1,FALSE
VYP100399,5/1/2026,6,1,FALSE
VYP100399,6/1/2026,5,1,FALSE
VYP100399,7/1/2026,7,1,FALSE
VYP100399,8/1/2026,5,1,FALSE
VYP100399,9/1/2026,6,1,FALSE
VYP100400,4/1/2026,6,2,FALSE
VYP100400,5/1/2026,7,2,FALSE
VYP100400,6/1/2026,5,2,FALSE
VYP100400,7/1/2026,6,2,FALSE
VYP100400,7/1/2026,6,2,FALSE
VYP100400,8/1/2026,8,2,FALSE
VYP100400,9/1/2026,7,2,FALSE
VYP100401,4/1/2026,3,1,FALSE
VYP100401,5/1/2026,3,1,FALSE
VYP100401,6/1/2026,5,1,FALSE
VYP100401,7/1/2026,4,1,FALSE
VYP100401,8/1/2026,5,1,FALSE
VYP100401,9/1/2026,5,1,FALSE
VYP100402,4/1/2026,3,2,FALSE
VYP100402,5/1/2026,3,2,FALSE
VYP100402,6/1/2026,5,2,FALSE
VYP100402,7/1/2026,1,2,FALSE
VYP100402,8/1/2026,2,2,FALSE
VYP100402,9/1/2026,3,2,FALSE
VYP100403,5/1/2026,9,2,FALSE
VYP100403,6/1/2026,10,2,TRUE
VYP100403,7/1/2026,13,2,TRUE
VYP100403,8/1/2026,15,2,TRUE
VYP100403,9/1/2026,13,2,TRUE
VYP100404,4/1/2026,4,2,FALSE
VYP100404,6/1/2026,4,2,FALSE
VYP100404,7/1/2026,3,2,FALSE
VYP100404,8/1/2026,4,2,FALSE
VYP100404,9/1/2026,4,2,FALSE
VYP100405,4/1/2026,6,3,FALSE
VYP100405,5/1/2026,1,3,FALSE
VYP100405,6/1/2026,3,3,FALSE
VYP100405,7/1/2026,3,3,FALSE
VYP100405,8/1/2026,2,3,FALSE
VYP100405,9/1/2026,3,3,FALSE
VYP100406,4/1/2026,5,1,FALSE
VYP100406,5/1/2026,5,1,FALSE
VYP100406,6/1/2026,3,1,FALSE
VYP100406,7/1/2026,2,1,FALSE
VYP100406,8/1/2026,3,1,FALSE
VYP100406,9/1/2026,4,1,FALSE
VYP100407,4/1/2026,5,1,FALSE
VYP100407,5/1/2026,2,1,FALSE
VYP100407,6/1/2026,5,1,FALSE
VYP100407,7/1/2026,1,1,FALSE
VYP100407,8/1/2026,5,1,FALSE
VYP100407,9/1/2026,3,1,FALSE
VYP100408,4/1/2026,3,1,FALSE
VYP100408,5/1/2026,3,1,FALSE
VYP100408,6/1/2026,7,1,FALSE
VYP100408,7/1/2026,5,1,FALSE
VYP100408,8/1/2026,6,1,FALSE
VYP100408,9/1/2026,4,1,FALSE
VYP100409,4/1/2026,6,1,FALSE
VYP100409,5/1/2026,8,1,FALSE
VYP100409,6/1/2026,9,2,FALSE
VYP100409,7/1/2026,10,2,TRUE
VYP100409,8/1/2026,16,2,TRUE
VYP100409,9/1/2026,17,2,TRUE
VYP100410,4/1/2026,8,1,FALSE
VYP100410,5/1/2026,9,2,FALSE
VYP100410,6/1/2026,12,2,TRUE
VYP100410,7/1/2026,13,2,TRUE
VYP100410,8/1/2026,13,2,TRUE
VYP100410,9/1/2026,14,2,TRUE
VYP100411,4/1/2026,3,1,FALSE
VYP100411,5/1/2026,5,1,FALSE
VYP100411,6/1/2026,3,1,FALSE
VYP100411,7/1/2026,4,1,FALSE
VYP100411,8/1/2026,5,1,FALSE
VYP100411,9/1/2026,4,1,FALSE
VYP100412,4/1/2026,5,1,FALSE
VYP100412,5/1/2026,4,1,FALSE
VYP100412,6/1/2026,3,1,FALSE
VYP100412,7/1/2026,2,1,FALSE
VYP100412,8/1/2026,2,1,FALSE
VYP100412,9/1/2026,6,1,FALSE
VYP100413,4/1/2026,2,1,FALSE
VYP100413,5/1/2026,5,1,FALSE
VYP100413,6/1/2026,2,1,FALSE
VYP100413,7/1/2026,6,1,FALSE
VYP100413,8/1/2026,3,1,FALSE
VYP100413,9/1/2026,3,1,FALSE
VYP100414,4/1/2026,0,3,FALSE
VYP100414,5/1/2026,6,3,FALSE
VYP100414,6/1/2026,4,3,FALSE
VYP100414,7/1/2026,2,3,FALSE
VYP100414,8/1/2026,4,3,FALSE
VYP100414,9/1/2026,2,3,FALSE
VYP100415,4/1/2026,8,1,FALSE
VYP100415,5/1/2026,5,1,FALSE
VYP100415,6/1/2026,1,1,FALSE
VYP100415,7/1/2026,6,1,FALSE
VYP100415,8/1/2026,5,1,FALSE
VYP100415,9/1/2026,7,1,FALSE
VYP100416,4/1/2026,5,3,FALSE
VYP100416,5/1/2026,5,3,FALSE
VYP100416,6/1/2026,6,3,FALSE
VYP100416,7/1/2026,6,3,FALSE
VYP100416,8/1/2026,4,3,FALSE
VYP100416,9/1/2026,4,3,FALSE
VYP100417,4/1/2026,5,1,FALSE
VYP100417,5/1/2026,6,1,FALSE
VYP100417,6/1/2026,6,1,FALSE
VYP100417,8/1/2026,2,1,FALSE
VYP100417,9/1/2026,5,1,FALSE
VYP100418,4/1/2026,5,1,FALSE
VYP100418,5/1/2026,7,1,FALSE
VYP100418,6/1/2026,9,2,FALSE
VYP100418,7/1/2026,11,3,TRUE
VYP100418,8/1/2026,14,3,TRUE
VYP100418,9/1/2026,17,3,TRUE
VYP100419,4/1/2026,2,1,FALSE
VYP100419,5/1/2026,4,1,FALSE
VYP100419,6/1/2026,3,1,FALSE
VYP100419,7/1/2026,2,1,FALSE
VYP100419,8/1/2026,4,1,FALSE
VYP100419,9/1/2026,0,1,FALSE
VYP100420,4/1/2026,0,1,FALSE
VYP100420,5/1/2026,4,1,FALSE
VYP100420,6/1/2026,2,1,FALSE
VYP100420,7/1/2026,2,1,FALSE
VYP100420,8/1/2026,1,1,FALSE
VYP100420,9/1/2026,2,1,FALSE
VYP100420,9/1/2026,2,1,FALSE
VYP100421,4/1/2026,2,1,FALSE
VYP100421,5/1/2026,1,1,FALSE
VYP100421,6/1/2026,0,1,FALSE
VYP100421,7/1/2026,1,1,FALSE
VYP100421,8/1/2026,3,1,FALSE
VYP100421,9/1/2026,1,1,FALSE
VYP100422,4/1/2026,6,1,FALSE
VYP100422,5/1/2026,5,1,FALSE
VYP100422,6/1/2026,5,1,FALSE
VYP100422,7/1/2026,4,1,FALSE
VYP100422,8/1/2026,-1,1,FALSE
VYP100422,9/1/2026,3,1,FALSE
VYP100423,4/1/2026,4,1,FALSE
VYP100423,5/1/2026,4,1,FALSE
VYP100423,6/1/2026,5,1,FALSE
VYP100423,7/1/2026,9,1,FALSE
VYP100423,8/1/2026,10,1,FALSE
VYP100423,9/1/2026,15,1,TRUE
VYP100424,4/1/2026,3,1,FALSE
VYP100424,5/1/2026,3,1,FALSE
VYP100424,7/1/2026,4,1,FALSE
VYP100424,8/1/2026,4,1,FALSE
VYP100424,9/1/2026,3,1,FALSE
VYP100425,4/1/2026,4,2,FALSE
VYP100425,5/1/2026,3,2,FALSE
VYP100425,6/1/2026,5,2,FALSE
VYP100425,7/1/2026,6,2,FALSE
VYP100425,8/1/2026,6,2,FALSE
VYP100425,9/1/2026,4,2,FALSE
VYP100426,4/1/2026,4,1,FALSE
VYP100426,5/1/2026,3,1,FALSE
VYP100426,6/1/2026,5,1,FALSE
VYP100426,7/1/2026,5,1,FALSE
VYP100426,8/1/2026,4,1,FALSE
VYP100426,9/1/2026,4,1,FALSE
VYP100427,4/1/2026,6,2,FALSE
VYP100427,5/1/2026,6,2,FALSE
VYP100427,6/1/2026,6,2,FALSE
VYP100427,7/1/2026,7,2,FALSE
VYP100427,8/1/2026,6,2,FALSE
VYP100428,4/1/2026,3,1,FALSE
VYP100428,5/1/2026,2,1,FALSE
VYP100428,6/1/2026,0,1,FALSE
VYP100428,7/1/2026,4,1,FALSE
VYP100428,8/1/2026,1,1,FALSE
VYP100428,9/1/2026,2,1,FALSE
VYP100429,4/1/2026,5,3,FALSE
VYP100429,5/1/2026,1,3,FALSE
VYP100429,6/1/2026,3,3,FALSE
VYP100429,7/1/2026,3,3,FALSE
VYP100429,8/1/2026,7,3,FALSE
VYP100430,4/1/2026,5,2,FALSE
VYP100430,5/1/2026,4,2,FALSE
VYP100430,6/1/2026,4,2,FALSE
VYP100430,7/1/2026,0,2,FALSE
VYP100430,8/1/2026,5,2,FALSE
VYP100430,9/1/2026,7,2,FALSE
VYP100431,4/1/2026,6,3,FALSE
VYP100431,5/1/2026,6,3,FALSE
VYP100431,6/1/2026,3,3,FALSE
VYP100431,7/1/2026,4,3,FALSE
VYP100431,8/1/2026,3,3,FALSE
VYP100431,9/1/2026,2,3,FALSE
VYP100432,4/1/2026,1,2,FALSE
VYP100432,5/1/2026,4,2,FALSE
VYP100432,6/1/2026,5,2,FALSE
VYP100432,7/1/2026,4,2,FALSE
VYP100432,8/1/2026,5,2,FALSE
VYP100432,9/1/2026,3,2,FALSE
VYP100433,4/1/2026,3,1,FALSE
VYP100433,5/1/2026,4,1,FALSE
VYP100433,6/1/2026,2,1,FALSE
VYP100433,7/1/2026,3,1,FALSE
VYP100433,8/1/2026,8,1,FALSE
VYP100434,4/1/2026,4,1,FALSE
VYP100434,5/1/2026,6,1,FALSE
VYP100434,6/1/2026,9,1,FALSE
VYP100434,7/1/2026,10,2,TRUE
VYP100434,8/1/2026,16,2,TRUE
VYP100434,9/1/2026,17,2,TRUE
VYP100435,4/1/2026,5,1,FALSE
VYP100435,5/1/2026,4,1,FALSE
VYP100435,6/1/2026,5,1,FALSE
VYP100435,7/1/2026,6,1,FALSE
VYP100435,8/1/2026,3,1,FALSE
VYP100435,9/1/2026,4,1,FALSE
VYP100436,4/1/2026,2,2,FALSE
VYP100436,5/1/2026,4,2,FALSE
VYP100436,6/1/2026,2,2,FALSE
VYP100436,7/1/2026,3,2,FALSE
VYP100436,8/1/2026,2,2,FALSE
VYP100436,9/1/2026,0,2,FALSE
VYP100437,4/1/2026,5,2,FALSE
VYP100437,5/1/2026,5,2,FALSE
VYP100437,6/1/2026,5,2,FALSE
VYP100437,7/1/2026,3,2,FALSE
VYP100437,8/1/2026,4,2,FALSE
VYP100437,9/1/2026,4,2,FALSE
VYP100438,4/1/2026,3,1,FALSE
VYP100438,5/1/2026,4,1,FALSE
VYP100438,6/1/2026,3,1,FALSE
VYP100438,7/1/2026,5,1,FALSE
VYP100438,8/1/2026,3,1,FALSE
VYP100438,9/1/2026,4,1,FALSE
VYP100439,4/1/2026,2,3,FALSE
VYP100439,5/1/2026,6,3,FALSE
VYP100439,6/1/2026,8,3,FALSE
VYP100439,7/1/2026,5,3,FALSE
VYP100439,8/1/2026,5,3,FALSE
VYP100439,9/1/2026,4,3,FALSE
VYP100440,4/1/2026,3,1,FALSE
VYP100440,5/1/2026,2,1,FALSE
VYP100440,5/1/2026,2,1,FALSE
VYP100440,6/1/2026,2,1,FALSE
VYP100440,7/1/2026,1,1,FALSE
VYP100440,8/1/2026,2,1,FALSE
VYP100440,9/1/2026,2,1,FALSE
VYP100441,4/1/2026,2,2,FALSE
VYP100441,5/1/2026,2,2,FALSE
VYP100441,6/1/2026,3,2,FALSE
VYP100441,7/1/2026,2,2,FALSE
VYP100441,8/1/2026,2,2,FALSE
VYP100441,9/1/2026,1,2,FALSE
VYP100442,4/1/2026,3,2,FALSE
VYP100442,5/1/2026,8,2,FALSE
VYP100442,6/1/2026,1,2,FALSE
VYP100442,7/1/2026,6,2,FALSE
VYP100442,8/1/2026,4,2,FALSE
VYP100442,9/1/2026,5,2,FALSE
VYP100443,4/1/2026,6,1,FALSE
VYP100443,5/1/2026,5,1,FALSE
VYP100443,6/1/2026,6,1,FALSE
VYP100443,7/1/2026,6,1,FALSE
VYP100443,8/1/2026,6,1,FALSE
VYP100443,9/1/2026,6,1,FALSE
VYP100444,4/1/2026,5,2,FALSE
VYP100444,4/1/2026,5,2,FALSE
VYP100444,5/1/2026,5,2,FALSE
VYP100444,6/1/2026,6,2,FALSE
VYP100444,7/1/2026,3,2,FALSE
VYP100444,8/1/2026,4,2,FALSE
VYP100444,9/1/2026,8,2,FALSE
VYP100445,4/1/2026,3,2,FALSE
VYP100445,5/1/2026,5,2,FALSE
VYP100445,6/1/2026,4,2,FALSE
VYP100445,7/1/2026,1,2,FALSE
VYP100445,8/1/2026,2,2,FALSE
VYP100445,9/1/2026,1,2,FALSE
VYP100446,4/1/2026,3,1,FALSE
VYP100446,5/1/2026,7,1,FALSE
VYP100446,7/1/2026,6,1,FALSE
VYP100446,8/1/2026,3,1,FALSE
VYP100446,9/1/2026,5,1,FALSE
VYP100446,9/1/2026,5,1,FALSE
VYP100447,4/1/2026,8,1,FALSE
VYP100447,5/1/2026,5,1,FALSE
VYP100447,6/1/2026,3,1,FALSE
VYP100447,7/1/2026,4,1,FALSE
VYP100447,8/1/2026,5,1,FALSE
VYP100447,9/1/2026,4,1,FALSE
VYP100447,9/1/2026,4,1,FALSE
VYP100448,4/1/2026,5,1,FALSE
VYP100448,5/1/2026,3,1,FALSE
VYP100448,6/1/2026,1,1,FALSE
VYP100448,7/1/2026,6,1,FALSE
VYP100448,8/1/2026,2,1,FALSE
VYP100448,9/1/2026,2,1,FALSE
VYP100449,4/1/2026,5,2,FALSE
VYP100449,5/1/2026,6,2,FALSE
VYP100449,6/1/2026,5,2,FALSE
VYP100449,7/1/2026,5,2,FALSE
VYP100449,8/1/2026,6,2,FALSE
VYP100449,9/1/2026,5,2,FALSE
VYP100450,4/1/2026,4,1,FALSE
VYP100450,5/1/2026,4,1,FALSE
VYP100450,6/1/2026,4,1,FALSE
VYP100450,7/1/2026,6,1,FALSE
VYP100450,8/1/2026,6,1,FALSE
VYP100450,9/1/2026,4,1,FALSE
VYP100451,4/1/2026,4,3,FALSE
VYP100451,5/1/2026,4,3,FALSE
VYP100451,6/1/2026,2,3,FALSE
VYP100451,7/1/2026,3,3,FALSE
VYP100451,8/1/2026,3,3,FALSE
VYP100451,9/1/2026,2,3,FALSE
VYP100452,4/1/2026,6,3,FALSE
VYP100452,5/1/2026,3,3,FALSE
VYP100452,6/1/2026,4,3,FALSE
VYP100452,7/1/2026,6,3,FALSE
VYP100452,8/1/2026,6,3,FALSE
VYP100452,9/1/2026,2,3,FALSE
VYP100453,4/1/2026,8,1,FALSE
VYP100453,5/1/2026,6,1,FALSE
VYP100453,6/1/2026,5,1,FALSE
VYP100453,7/1/2026,7,1,FALSE
VYP100453,8/1/2026,5,1,FALSE
VYP100453,9/1/2026,5,1,FALSE
VYP100454,4/1/2026,5,1,FALSE
VYP100454,5/1/2026,4,1,FALSE
VYP100454,6/1/2026,4,1,FALSE
VYP100454,7/1/2026,5,1,FALSE
VYP100454,8/1/2026,5,1,FALSE
VYP100454,9/1/2026,4,1,FALSE
VYP100455,4/1/2026,4,2,FALSE
VYP100455,5/1/2026,3,2,FALSE
VYP100455,6/1/2026,3,2,FALSE
VYP100455,7/1/2026,8,2,FALSE
VYP100455,8/1/2026,8,2,FALSE
VYP100455,9/1/2026,6,2,FALSE
VYP100455,9/1/2026,6,2,FALSE
VYP100456,4/1/2026,7,2,FALSE
VYP100456,5/1/2026,11,3,TRUE
VYP100456,7/1/2026,17,3,TRUE
VYP100456,8/1/2026,13,3,TRUE
VYP100456,9/1/2026,17,3,TRUE
VYP100457,4/1/2026,2,1,FALSE
VYP100457,5/1/2026,0,1,FALSE
VYP100457,6/1/2026,3,1,FALSE
VYP100457,7/1/2026,2,1,FALSE
VYP100457,8/1/2026,1,1,FALSE
VYP100457,9/1/2026,1,1,FALSE
VYP100458,4/1/2026,2,1,FALSE
VYP100458,5/1/2026,2,1,FALSE
VYP100458,6/1/2026,4,1,FALSE
VYP100458,7/1/2026,4,1,FALSE
VYP100458,8/1/2026,2,1,FALSE
VYP100458,9/1/2026,0,1,FALSE
VYP100459,4/1/2026,3,1,FALSE
VYP100459,5/1/2026,5,1,FALSE
VYP100459,6/1/2026,5,1,FALSE
VYP100459,7/1/2026,5,1,FALSE
VYP100459,8/1/2026,4,1,FALSE
VYP100459,9/1/2026,5,1,FALSE
VYP100460,4/1/2026,7,3,FALSE
VYP100460,5/1/2026,4,3,FALSE
VYP100460,6/1/2026,6,3,FALSE
VYP100460,7/1/2026,7,3,FALSE
VYP100460,8/1/2026,7,3,FALSE
VYP100460,9/1/2026,7,3,FALSE
VYP100461,4/1/2026,5,1,FALSE
VYP100461,5/1/2026,7,1,FALSE
VYP100461,6/1/2026,8,1,FALSE
VYP100461,7/1/2026,8,1,FALSE
VYP100461,8/1/2026,5,1,FALSE
VYP100461,9/1/2026,6,1,FALSE
VYP100462,4/1/2026,4,3,FALSE
VYP100462,5/1/2026,4,3,FALSE
VYP100462,6/1/2026,0,3,FALSE
VYP100462,7/1/2026,6,3,FALSE
VYP100462,9/1/2026,4,3,FALSE
VYP100463,4/1/2026,2,1,FALSE
VYP100463,5/1/2026,1,1,FALSE
VYP100463,6/1/2026,3,1,FALSE
VYP100463,7/1/2026,2,1,FALSE
VYP100463,8/1/2026,4,1,FALSE
VYP100463,9/1/2026,0,1,FALSE
VYP100464,4/1/2026,4,3,FALSE
VYP100464,5/1/2026,8,3,FALSE
VYP100464,6/1/2026,7,3,FALSE
VYP100464,7/1/2026,7,3,FALSE
VYP100464,8/1/2026,5,3,FALSE
VYP100464,9/1/2026,5,3,FALSE
VYP100465,4/1/2026,4,1,FALSE
VYP100465,5/1/2026,3,1,FALSE
VYP100465,6/1/2026,4,1,FALSE
VYP100465,7/1/2026,6,1,FALSE
VYP100465,8/1/2026,5,1,FALSE
VYP100465,9/1/2026,2,1,FALSE
VYP100466,4/1/2026,6,1,FALSE
VYP100466,5/1/2026,5,1,FALSE
VYP100466,6/1/2026,3,1,FALSE
VYP100466,7/1/2026,4,1,FALSE
VYP100466,8/1/2026,5,1,FALSE
VYP100466,9/1/2026,3,1,FALSE
VYP100467,4/1/2026,1,3,FALSE
VYP100467,5/1/2026,5,3,FALSE
VYP100467,6/1/2026,5,3,FALSE
VYP100467,7/1/2026,6,3,FALSE
VYP100467,8/1/2026,4,3,FALSE
VYP100467,9/1/2026,5,3,FALSE
VYP100468,4/1/2026,2,3,FALSE
VYP100468,5/1/2026,3,3,FALSE
VYP100468,6/1/2026,3,3,FALSE
VYP100468,7/1/2026,3,3,FALSE
VYP100468,8/1/2026,1,3,FALSE
VYP100468,9/1/2026,1,3,FALSE
VYP100469,4/1/2026,4,1,FALSE
VYP100469,5/1/2026,4,1,FALSE
VYP100469,6/1/2026,4,1,FALSE
VYP100469,7/1/2026,5,1,FALSE
VYP100469,8/1/2026,2,1,FALSE
VYP100469,9/1/2026,5,1,FALSE
VYP100470,4/1/2026,5,1,FALSE
VYP100470,5/1/2026,8,1,FALSE
VYP100470,6/1/2026,9,1,FALSE
VYP100470,7/1/2026,12,2,TRUE
VYP100470,8/1/2026,12,2,TRUE
VYP100470,9/1/2026,17,2,TRUE
VYP100471,4/1/2026,3,1,FALSE
VYP100471,5/1/2026,2,1,FALSE
VYP100471,6/1/2026,3,1,FALSE
VYP100471,7/1/2026,1,1,FALSE
VYP100471,8/1/2026,3,1,FALSE
VYP100471,9/1/2026,5,1,FALSE
VYP100472,4/1/2026,4,1,FALSE
VYP100472,5/1/2026,4,1,FALSE
VYP100472,6/1/2026,7,1,FALSE
VYP100472,7/1/2026,4,1,FALSE
VYP100472,8/1/2026,5,1,FALSE
VYP100472,9/1/2026,5,1,FALSE
VYP100473,4/1/2026,0,1,FALSE
VYP100473,5/1/2026,1,1,FALSE
VYP100473,6/1/2026,4,1,FALSE
VYP100473,7/1/2026,3,1,FALSE
VYP100473,8/1/2026,2,1,FALSE
VYP100473,9/1/2026,3,1,FALSE
VYP100474,4/1/2026,5,3,FALSE
VYP100474,5/1/2026,5,3,FALSE
VYP100474,6/1/2026,7,3,FALSE
VYP100474,7/1/2026,5,3,FALSE
VYP100474,7/1/2026,5,3,FALSE
VYP100474,8/1/2026,6,3,FALSE
VYP100474,9/1/2026,6,3,FALSE
VYP100475,4/1/2026,8,1,FALSE
VYP100475,6/1/2026,12,1,TRUE
VYP100475,7/1/2026,14,1,TRUE
VYP100475,8/1/2026,20,1,TRUE
VYP100475,9/1/2026,19,1,TRUE
VYP100476,4/1/2026,5,2,FALSE
VYP100476,5/1/2026,2,2,FALSE
VYP100476,6/1/2026,1,2,FALSE
VYP100476,7/1/2026,5,2,FALSE
VYP100476,8/1/2026,5,2,FALSE
VYP100476,9/1/2026,4,2,FALSE
VYP100477,4/1/2026,4,1,FALSE
VYP100477,5/1/2026,4,1,FALSE
VYP100477,6/1/2026,6,1,FALSE
VYP100477,7/1/2026,3,1,FALSE
VYP100477,8/1/2026,3,1,FALSE
VYP100477,9/1/2026,5,1,FALSE
VYP100478,4/1/2026,7,1,FALSE
VYP100478,5/1/2026,9,1,FALSE
VYP100478,6/1/2026,12,1,TRUE
VYP100478,7/1/2026,13,2,TRUE
VYP100478,8/1/2026,17,2,TRUE
VYP100478,9/1/2026,19,2,TRUE
VYP100479,4/1/2026,3,2,FALSE
VYP100479,5/1/2026,4,2,FALSE
VYP100479,6/1/2026,4,2,FALSE
VYP100479,7/1/2026,5,2,FALSE
VYP100479,8/1/2026,2,2,FALSE
VYP100479,9/1/2026,3,2,FALSE
VYP100480,4/1/2026,2,1,FALSE
VYP100480,5/1/2026,6,1,FALSE
VYP100480,6/1/2026,4,1,FALSE
VYP100480,7/1/2026,6,1,FALSE
VYP100480,8/1/2026,3,1,FALSE
VYP100480,9/1/2026,5,1,FALSE
VYP100481,4/1/2026,5,2,FALSE
VYP100481,5/1/2026,6,2,FALSE
VYP100481,6/1/2026,10,3,FALSE
VYP100481,7/1/2026,9,3,FALSE
VYP100481,8/1/2026,14,3,TRUE
VYP100481,9/1/2026,14,3,TRUE
VYP100482,4/1/2026,2,1,FALSE
VYP100482,5/1/2026,3,1,FALSE
VYP100482,6/1/2026,3,1,FALSE
VYP100482,8/1/2026,4,1,FALSE
VYP100482,9/1/2026,2,1,FALSE
VYP100483,4/1/2026,6,3,FALSE
VYP100483,5/1/2026,3,3,FALSE
VYP100483,6/1/2026,5,3,FALSE
VYP100483,8/1/2026,3,3,FALSE
VYP100483,9/1/2026,5,3,FALSE
VYP100484,4/1/2026,2,2,FALSE
VYP100484,5/1/2026,4,2,FALSE
VYP100484,6/1/2026,7,2,FALSE
VYP100484,7/1/2026,6,2,FALSE
VYP100484,8/1/2026,5,2,FALSE
VYP100484,9/1/2026,4,2,FALSE
VYP100485,4/1/2026,4,3,FALSE
VYP100485,5/1/2026,3,3,FALSE
VYP100485,6/1/2026,4,3,FALSE
VYP100485,7/1/2026,5,3,FALSE
VYP100485,8/1/2026,5,3,FALSE
VYP100485,9/1/2026,3,3,FALSE
VYP100486,4/1/2026,1,1,FALSE
VYP100486,5/1/2026,2,1,FALSE
VYP100486,6/1/2026,2,1,FALSE
VYP100486,7/1/2026,3,1,FALSE
VYP100486,8/1/2026,2,1,FALSE
VYP100486,9/1/2026,5,1,FALSE
VYP100487,4/1/2026,1,1,FALSE
VYP100487,5/1/2026,5,1,FALSE
VYP100487,6/1/2026,1,1,FALSE
VYP100487,7/1/2026,3,1,FALSE
VYP100487,8/1/2026,5,1,FALSE
VYP100487,9/1/2026,3,1,FALSE
VYP100488,4/1/2026,4,1,FALSE
VYP100488,5/1/2026,7,1,FALSE
VYP100488,6/1/2026,6,1,FALSE
VYP100488,7/1/2026,2,1,FALSE
VYP100488,8/1/2026,4,1,FALSE
VYP100488,9/1/2026,4,1,FALSE
VYP100489,4/1/2026,3,1,FALSE
VYP100489,5/1/2026,3,1,FALSE
VYP100489,6/1/2026,6,1,FALSE
VYP100489,7/1/2026,5,1,FALSE
VYP100489,8/1/2026,6,1,FALSE
VYP100489,9/1/2026,4,1,FALSE
VYP100490,4/1/2026,6,1,FALSE
VYP100490,5/1/2026,7,1,FALSE
VYP100490,6/1/2026,6,1,FALSE
VYP100490,7/1/2026,5,1,FALSE
VYP100490,8/1/2026,5,1,FALSE
VYP100490,9/1/2026,5,1,FALSE
VYP100491,4/1/2026,3,1,FALSE
VYP100491,5/1/2026,0,1,FALSE
VYP100491,6/1/2026,3,1,FALSE
VYP100491,7/1/2026,3,1,FALSE
VYP100491,8/1/2026,1,1,FALSE
VYP100491,9/1/2026,3,1,FALSE
VYP100492,4/1/2026,4,1,FALSE
VYP100492,5/1/2026,7,1,FALSE
VYP100492,6/1/2026,10,1,FALSE
VYP100492,7/1/2026,11,2,TRUE
VYP100492,8/1/2026,12,2,TRUE
VYP100492,9/1/2026,15,2,TRUE
VYP100493,4/1/2026,1,1,FALSE
VYP100493,5/1/2026,1,1,FALSE
VYP100493,6/1/2026,2,1,FALSE
VYP100493,7/1/2026,5,1,FALSE
VYP100493,8/1/2026,5,1,FALSE
VYP100493,9/1/2026,2,1,FALSE
VYP100494,4/1/2026,1,1,FALSE
VYP100494,5/1/2026,4,1,FALSE
VYP100494,6/1/2026,3,1,FALSE
VYP100494,7/1/2026,4,1,FALSE
VYP100494,8/1/2026,3,1,FALSE
VYP100494,9/1/2026,2,1,FALSE
VYP100495,4/1/2026,5,1,FALSE
VYP100495,5/1/2026,2,1,FALSE
VYP100495,6/1/2026,4,1,FALSE
VYP100495,7/1/2026,3,1,FALSE
VYP100495,8/1/2026,6,1,FALSE
VYP100495,9/1/2026,6,1,FALSE
VYP100496,4/1/2026,0,1,FALSE
VYP100496,5/1/2026,0,1,FALSE
VYP100496,6/1/2026,4,1,FALSE
VYP100496,7/1/2026,2,1,FALSE
VYP100496,8/1/2026,3,1,FALSE
VYP100496,9/1/2026,2,1,FALSE
VYP100497,4/1/2026,6,2,FALSE
VYP100497,5/1/2026,2,2,FALSE
VYP100497,6/1/2026,3,2,FALSE
VYP100497,7/1/2026,4,2,FALSE
VYP100497,8/1/2026,5,2,FALSE
VYP100497,9/1/2026,6,2,FALSE
VYP100498,4/1/2026,3,1,FALSE
VYP100498,5/1/2026,3,1,FALSE
VYP100498,6/1/2026,2,1,FALSE
VYP100498,7/1/2026,2,1,FALSE
VYP100498,8/1/2026,2,1,FALSE
VYP100498,9/1/2026,6,1,FALSE
VYP100499,4/1/2026,5,1,FALSE
VYP100499,5/1/2026,4,1,FALSE
VYP100499,6/1/2026,6,1,FALSE
VYP100499,7/1/2026,8,1,FALSE
VYP100499,8/1/2026,4,1,FALSE
VYP100499,9/1/2026,5,1,FALSE
