account_id,business_name,vertical,city_tier,signup_date,firms_count,support_tickets_last_6mo,upgrade_date,plan_tier
VYP100000,"Choudhury, Bakshi and Maharaj",IT Services,Tier 3,2024-06-11,2,2,2026-06-01,Gold
VYP100001,Kapoor and Sons,Construction,Tier 3,2026-01-20,1,2,2026-08-01,Gold
VYP100002,"Chaudry, Chahal and Sami",Garments,Tier 3,2025-05-23,3,2,2026-08-01,Gold
VYP100003,Balan Inc,Tours & Travel,Tier 2,2025-04-10,2,1,,Silver
VYP100004,Kaul PLC,Grocery,Tier 2,2024-08-08,1,2,2026-06-01,Gold
VYP100005,"Bala, Issac and Saini",Automobile,Tier 3,2025-12-03,2,1,,Silver
VYP100006,Sen PLC,IT Services,Tier 2,2025-04-27,1,2,,Silver
VYP100007,Ahuja-Dutta,Garments,Tier 3,2025-11-16,3,3,,Silver
VYP100008,"Sami, Oak and Mall",Grocery,Tier 2,2024-08-15,3,2,,Silver
VYP100009,Kale LLC,Construction,Tier 1,2024-12-05,3,1,,Silver
VYP100010,Chanda Group,Pharmacy,Tier 1,2025-03-13,1,2,2026-07-01,Gold
VYP100011,Parmer LLC,Furniture,Tier 3,2025-05-27,1,0,,Silver
VYP100012,"Lalla, Bassi and Sharaf",Tours & Travel,Tier 1,2025-11-15,1,1,,Silver
VYP100013,"Dash, Radhakrishnan and Brar",Garments,Tier 1,2024-05-11,1,0,,Silver
VYP100014,"Memon, Pathak and Handa",Construction,Tier 2,2024-11-24,1,0,,Silver
VYP100015,"Boase, Bath and Kari",Pharmacy,Tier 1,2025-07-19,1,2,,Silver
VYP100016,Buch-Kaul,Mobile & Accessories,Tier 2,2025-05-11,3,0,2026-08-01,Gold
VYP100017,Rai LLC,Grocery,Tier 3,2024-09-29,1,3,,Silver
VYP100018,Patla-Gaba,Garments,Tier 1,2024-10-03,1,0,,Silver
VYP100019,Pant-Kadakia,Mobile & Accessories,Tier 3,2025-04-08,2,0,,Silver
VYP100020,"Loke, Bora and Garg",IT Services,Tier 3,2025-07-30,2,1,,Silver
VYP100021,"Konda, Gade and Shere",Pharmacy,Tier 2,2024-11-15,2,0,,Silver
VYP100022,Madan-Kanda,Automobile,Tier 1,2024-11-17,2,3,,Silver
VYP100023,"Nair, Bhalla and Karnik",Furniture,Tier 2,2024-12-29,3,1,,Silver
VYP100024,Mutti Group,IT Services,Tier 1,2026-01-12,2,1,2026-07-01,Gold
VYP100025,Bhatti-Kakar,Grocery,Tier 2,2025-03-30,1,1,,Silver
VYP100026,"Murty, Kala and Tata",Construction,Tier 3,2024-12-18,2,2,,Silver
VYP100027,Shanker-Dhar,Grocery,Tier 3,2024-04-20,1,1,2026-08-01,Gold
VYP100028,Dewan-Koshy,Grocery,Tier 3,2025-02-20,1,1,,Silver
VYP100029,"Yohannan, Lall and Sangha",Tours & Travel,Tier 2,2025-07-02,1,0,,Silver
VYP100030,"Rastogi, Pathak and Kanda",IT Services,Tier 2,2025-01-29,1,3,,Silver
VYP100031,Upadhyay Group,Automobile,Tier 3,2025-10-29,2,0,,Silver
VYP100032,Batta Inc,Pharmacy,Tier 2,2025-12-30,1,1,,Silver
VYP100033,Dutta Ltd,Pharmacy,Tier 2,2024-11-02,1,0,,Silver
VYP100034,Bhatt-Rajan,Construction,Tier 1,2024-03-25,1,1,,Silver
VYP100035,Sidhu-Wadhwa,Grocery,Tier 1,2024-07-04,2,0,,Silver
VYP100036,Apte-Contractor,Grocery,Tier 2,2025-01-09,1,1,,Silver
VYP100037,"Yadav, Loke and Oak",Electrical Services,Tier 1,2026-02-05,2,1,,Silver
VYP100038,Memon Group,Pharmacy,tier 1,2024-03-24,3,1,,Silver
VYP100039,Setty Inc,Tours & Travel,Tier 3,2025-04-16,1,1,,Silver
VYP100040,"Lall, Tella and Gokhale",Construction,Tier 3,2025-08-09,2,2,,Silver
VYP100041,"Cherian, Misra and Tripathi",Garments,Tier 2,2024-06-01,1,0,,Silver
VYP100042,"Issac, Dua and Prakash",IT Services,Tier 3,2024-09-14,1,0,,Silver
VYP100043,Zacharia PLC,Pharmacy,Tier 3,2024-09-12,2,0,,Silver
VYP100044,Naik Group,Garments,Tier 1,2025-08-18,3,1,,Silver
VYP100045,Choudhury LLC,Garments,Tier 2,2024-03-21,1,1,,Silver
VYP100046,Khatri-Bhardwaj,Construction,Tier 2,2025-04-13,2,2,2026-07-01,Gold
VYP100047,Brar Inc,Pharmacy,Tier 1,2025-02-16,1,0,2026-08-01,Gold
VYP100048,"Sunder, Biswas and Walia",Tours & Travel,Tier 3,2024-09-11,2,0,,Silver
VYP100049,Dave Ltd,Grocery,Tier 2,2024-11-15,2,1,,Silver
VYP100050,Gandhi-Lanka,Grocery,Tier 2,2025-11-01,2,1,,Silver
VYP100051,"Sampath, Kakar and Zacharia",Grocery,Tier 1,2025-07-31,2,2,,Silver
VYP100052,"Iyer, Muni and Rastogi",Garments,Tier 1,2025-06-18,1,1,,Silver
VYP100053,"Prakash, Sarma and Varughese",Tours & Travel,Tier 3,2024-04-22,2,1,,Silver
VYP100054,Dara-Kota,IT Services,Tier 1,2024-10-07,2,2,,Silver
VYP100055,Bhatt LLC,Garments,Tier 1,2025-06-15,2,1,,Silver
VYP100056,Karpe PLC,Construction,Tier 1,2024-09-22,1,1,,Silver
VYP100057,Amble Inc,Mobile & Accessories,Tier 2,2024-09-20,1,1,,Silver
VYP100058,"Bhargava, Karnik and Bir",Grocery,Tier 2,2025-05-26,1,1,2026-06-01,Gold
VYP100059,Narayanan Inc,Grocery,Tier 2,2025-05-19,1,0,,Silver
VYP100060,"Khanna, Mallick and Sunder",Tours & Travel,Tier 1,2024-05-31,1,1,,Silver
VYP100061,Zacharia and Sons,Electrical Services,tier 1,2025-01-25,1,2,,Silver
VYP100062,"Solanki, Kibe and Solanki",Mobile & Accessories,Tier 3,2025-11-18,2,2,,Silver
VYP100063,Gupta-Chandra,IT Services,Tier 2,2024-10-03,1,0,2026-08-01,Gold
VYP100064,Sankar LLC,Mobile & Accessories,tier 2,2025-01-05,2,0,2026-07-01,Gold
VYP100065,Roy-Sibal,Mobile & Accessories,Tier 2,2025-03-04,1,0,,Silver
VYP100066,"Bhagat, Chaudhari and Bhat",Mobile & Accessories,Tier 3,2024-09-29,2,2,,Silver
VYP100067,Nori-Chopra,Pharmacy,Tier 1,2024-05-21,1,1,2026-08-01,Gold
VYP100068,Handa and Sons,Grocery,Tier 2,2025-07-11,1,2,,Silver
VYP100069,"Sen, Dey and Sami",Construction,Tier 2,2025-05-08,2,0,,Silver
VYP100070,Mallick Group,Grocery,Tier 2,2025-10-20,3,2,,Silver
VYP100071,Borra Group,Construction,Tier 3,2024-11-25,1,0,,Silver
VYP100072,"Chaudhari, Bedi and Zachariah",Garments,Tier 2,2025-05-20,1,0,2026-08-01,Gold
VYP100073,Chander and Sons,Pharmacy,Tier 3,2025-07-02,2,2,,Silver
VYP100074,Ray Group,Grocery,Tier 3,2024-10-20,2,3,,Silver
VYP100075,Kala-Rattan,Pharmacy,Tier 2,2025-05-16,1,1,,Silver
VYP100076,Gala Group,Pharmacy,Tier 3,2025-04-05,1,2,,Silver
VYP100077,Ramakrishnan LLC,Tours & Travel,Tier 2,2025-04-23,1,2,,Silver
VYP100078,Mangal-Sampath,Mobile & Accessories,Tier 3,2025-08-31,3,1,,Silver
VYP100079,"Sur, Dubey and Gupta",Garments,Tier 2,2025-12-05,1,0,2026-06-01,Gold
VYP100080,Kalla-Bhardwaj,Tours & Travel,Tier 2,2024-07-18,1,1,,Silver
VYP100081,"Bhat, Murthy and Bhandari",Construction,Tier 2,2025-12-29,3,1,,Silver
VYP100082,Sood PLC,Garments,Tier 1,2025-07-15,1,0,,Silver
VYP100083,"Dugar, Bhandari and Trivedi",Grocery,Tier 2,2024-11-10,1,1,,Silver
VYP100084,Grewal Inc,Grocery,Tier 3,2025-12-01,1,2,,Silver
VYP100085,"Bir, Keer and Raval",Grocery,Tier 2,2024-11-19,1,3,,Silver
VYP100086,Koshy PLC,IT Services,Tier 1,2024-09-24,1,2,,Silver
VYP100087,"Baral, Bumb and Saini",Construction,Tier 2,2024-11-13,1,3,,Silver
VYP100088,"Virk, Mutti and Lal",Grocery,Tier 1,2025-07-29,2,3,,Silver
VYP100089,Murthy and Sons,Electrical Services,Tier 1,2026-02-19,2,0,,Silver
VYP100090,Randhawa-Deep,Grocery,Tier 3,2024-06-05,1,1,2026-08-01,Gold
VYP100091,"Mital, Shankar and Mutti",Tours & Travel,Tier 2,2025-07-13,2,1,,Silver
VYP100092,Andra Group,Construction,Tier 2,2024-08-03,1,1,,Silver
VYP100093,"Chaudhry, Borah and Yogi",Construction,Tier 2,2025-10-14,3,2,,Silver
VYP100094,Toor LLC,Pharmacy,Tier 1,2025-11-09,1,3,,Silver
VYP100095,Palla Inc,Mobile & Accessories,Tier 1,2024-08-22,2,1,,Silver
VYP100096,Pingle LLC,Pharmacy,Tier 3,2024-04-28,1,0,,Silver
VYP100097,Sarma PLC,Grocery,Tier 2,2024-06-24,2,3,,Silver
VYP100098,"Mittal, Wadhwa and Anand",Grocery,Tier 3,2024-09-11,1,1,,Silver
VYP100099,"Mistry, Chawla and Desai",Automobile,Tier 2,2025-09-09,2,3,2026-08-01,Gold
VYP100100,D’Alia-Chhabra,Furniture,Tier 2,2024-05-17,1,1,,Silver
VYP100101,"Dugal, Magar and Manda",Tours & Travel,Tier 3,2024-11-10,3,3,,Silver
VYP100102,"Kade, Oza and Jani",Pharmacy,tier 3,2025-11-02,1,0,,Silver
VYP100103,"Lalla, Tiwari and Suresh",Automobile,Tier 3,2025-12-02,2,0,,Silver
VYP100104,Behl-Chanda,IT Services,Tier 3,2024-06-16,2,0,,Silver
VYP100105,"Sampath, Malhotra and Basu",IT Services,Tier 3,2025-08-19,3,2,2026-08-01,Gold
VYP100106,Nath and Sons,Construction,Tier 3,2024-08-31,1,0,,Silver
VYP100107,"Lala, Edwin and Sathe",Pharmacy,Tier 1,2025-11-26,1,0,,Silver
VYP100108,"Sane, Andra and Choudhury",Grocery,Tier 3,2025-08-16,1,1,,Silver
VYP100109,Dixit PLC,Furniture,Tier 2,2025-08-13,1,1,2026-08-01,Gold
VYP100110,Pingle PLC,Construction,Tier 2,2025-08-15,2,1,,Silver
VYP100111,"Divan, Sani and Datta",Grocery,Tier 2,2024-11-05,3,2,,Silver
VYP100112,Morar LLC,Pharmacy,Tier 3,2024-05-16,3,0,,Silver
VYP100113,Parmar and Sons,Mobile & Accessories,Tier 3,2024-05-19,1,3,2026-07-01,Gold
VYP100114,"Krish, Chauhan and Pandya",Grocery,Tier 1,2024-09-18,2,0,,Silver
VYP100115,"Ray, Dubey and Khalsa",Garments,Tier 3,2025-10-11,3,2,,Silver
VYP100116,Goel Group,IT Services,Tier 3,2024-04-13,3,3,,Silver
VYP100117,Gola Ltd,IT Services,Tier 2,2025-02-08,1,0,2026-06-01,Gold
VYP100118,Sabharwal-Kothari,Construction,Tier 1,2025-02-05,1,4,,Silver
VYP100119,Dutta-Chokshi,Mobile & Accessories,Tier 1,2024-10-16,2,1,,Silver
VYP100120,Barad-Singhal,Mobile & Accessories,Tier 3,2024-08-29,1,0,2026-08-01,Gold
VYP100121,Iyengar Group,Tours & Travel,Tier 2,2024-04-18,1,0,,Silver
VYP100122,Mody-Kari,Grocery,Tier 3,2025-01-10,3,1,,Silver
VYP100123,Bajwa Ltd,Construction,Tier 2,2024-12-21,3,0,,Silver
VYP100124,Rastogi LLC,Grocery,Tier 3,2024-09-15,3,1,,Silver
VYP100125,Boase-Mallick,Electrical Services,Tier 2,2025-09-03,2,0,2026-06-01,Gold
VYP100126,Upadhyay-Ratta,Pharmacy,Tier 3,2025-07-27,1,1,,Silver
VYP100127,"Yadav, Narula and Bala",Grocery,Tier 1,2024-12-10,1,2,,Silver
VYP100128,Lal and Sons,Grocery,Tier 2,2026-01-18,1,4,,Silver
VYP100129,"Lanka, Barad and Chopra",Mobile & Accessories,Tier 3,2025-07-18,2,2,,Silver
VYP100130,"Saraf, Pai and Murthy",Grocery,Tier 3,2024-10-05,1,3,,Silver
VYP100131,Vaidya-D’Alia,Furniture,Tier 3,2024-04-02,2,0,2026-08-01,Gold
VYP100132,Gupta-Kumar,Mobile & Accessories,Tier 1,2025-02-24,1,1,,Silver
VYP100133,Sarin Inc,Pharmacy,Tier 2,2025-05-22,2,1,,Silver
VYP100134,"Yohannan, Hegde and Patla",Mobile & Accessories,Tier 1,2025-04-22,1,0,,Silver
VYP100135,Boase-Narayanan,Grocery,Tier 1,2024-10-28,1,1,2026-07-01,Gold
VYP100136,"Murthy, Dash and Mital",Automobile,Tier 2,2025-02-06,1,1,,Silver
VYP100137,"More, Rege and Narain",Electrical Services,Tier 3,2026-02-17,1,1,,Silver
VYP100138,Merchant-Datta,Garments,Tier 3,2025-02-10,3,1,,Silver
VYP100139,Salvi Ltd,Grocery,Tier 3,2025-05-21,1,2,2026-07-01,Gold
VYP100140,Ghosh-Mitra,Electrical Services,Tier 3,2024-10-17,1,1,,Silver
VYP100141,Acharya-Modi,Electrical Services,Tier 3,2024-06-13,2,0,,Silver
VYP100142,Kade-Sani,Furniture,Tier 1,2024-04-12,2,1,2026-06-01,Gold
VYP100143,"Nagy, Shroff and Sathe",Mobile & Accessories,Tier 1,2024-12-21,1,3,2026-08-01,Gold
VYP100144,Kala-Vaidya,Electrical Services,Tier 2,2025-06-17,1,1,,Silver
VYP100145,Gara-Chad,Pharmacy,Tier 3,2025-04-20,1,0,2026-06-01,Gold
VYP100146,Varma-Nayak,Pharmacy,Tier 1,2025-10-29,2,0,,Silver
VYP100147,Keer Ltd,Electrical Services,Tier 2,2024-05-01,1,2,,Silver
VYP100148,Kar-Issac,Construction,Tier 2,2024-07-03,1,3,,Silver
VYP100149,Bakshi Inc,Grocery,Tier 1,2024-06-29,1,3,,Silver
VYP100150,Soman PLC,Garments,Tier 2,2025-07-12,2,1,,Silver
VYP100151,Shah Group,Furniture,Tier 3,2025-07-17,1,1,2026-06-01,Gold
VYP100152,"Hayer, Rajagopalan and Talwar",Grocery,Tier 2,2024-06-27,2,0,,Silver
VYP100153,Kohli-Divan,Mobile & Accessories,Tier 1,2025-02-06,1,0,,Silver
VYP100154,"Ahluwalia, Chhabra and Sandal",Grocery,Tier 3,2024-10-14,2,1,,Silver
VYP100155,Goda Ltd,Tours & Travel,Tier 2,2025-03-18,1,0,,Silver
VYP100156,"Shetty, Bedi and Krish",Pharmacy,Tier 3,2025-04-21,1,1,,Silver
VYP100157,Shan and Sons,Tours & Travel,Tier 1,2024-12-05,1,3,2026-08-01,Gold
VYP100158,Wali-Nadig,IT Services,Tier 2,2024-07-28,2,0,,Silver
VYP100159,Thaman-Sandhu,IT Services,Tier 2,2025-07-08,3,1,,Silver
VYP100160,"Sehgal, Dutt and Soman",Grocery,Tier 1,2024-07-31,1,3,,Silver
VYP100161,Lad-Kota,Furniture,Tier 3,2025-09-11,1,2,,Silver
VYP100162,"Malhotra, Verma and Sundaram",Pharmacy,Tier 1,2025-05-19,3,0,,Silver
VYP100163,"Khare, Maharaj and Sarraf",Grocery,Tier 1,2024-05-17,1,0,,Silver
VYP100164,Mangal and Sons,Mobile & Accessories,Tier 2,2024-04-17,1,1,2026-07-01,Gold
VYP100165,Nayak-Nagarajan,Pharmacy,Tier 3,2024-05-09,1,1,,Silver
VYP100166,"Buch, Devi and Dora",Garments,Tier 3,2025-07-21,2,3,,Silver
VYP100167,Rajagopal Ltd,Garments,Tier 3,2024-07-06,2,0,,Silver
VYP100168,Kala Inc,Pharmacy,Tier 1,2024-05-01,2,1,,Silver
VYP100169,Reddy-Narayanan,Automobile,Tier 2,2024-03-31,3,5,,Silver
VYP100170,"Shukla, Sagar and Bhatia",Pharmacy,Tier 1,2026-02-18,1,2,,Silver
VYP100171,Salvi Group,Electrical Services,Tier 2,2024-09-15,1,1,,Silver
VYP100172,"Bahri, Rai and Sood",Pharmacy,Tier 3,2024-03-18,1,0,,Silver
VYP100173,Pandey LLC,Furniture,Tier 3,2024-09-01,1,0,,Silver
VYP100174,Saini-Yohannan,Grocery,Tier 2,2025-09-19,1,0,,Silver
VYP100175,"Kannan, Sura and Kanda",Grocery,Tier 2,2024-09-02,1,2,,Silver
VYP100176,Sarin-Sunder,Construction,Tier 3,2025-12-20,1,1,2026-07-01,Gold
VYP100177,Ramachandran LLC,Automobile,Tier 2,2025-03-24,2,1,2026-08-01,Gold
VYP100178,"Ravel, Gandhi and Sibal",Furniture,Tier 1,2024-12-10,1,1,,Silver
VYP100179,Walla Inc,IT Services,Tier 2,2025-04-11,1,3,,Silver
VYP100180,Bala-Chacko,Furniture,Tier 1,2024-10-18,2,0,,Silver
VYP100181,"Sangha, Deshmukh and Shenoy",Furniture,Tier 1,2025-09-14,2,4,,Silver
VYP100182,Bedi LLC,Electrical Services,Tier 1,2024-12-24,2,3,2026-06-01,Gold
VYP100183,Narang-Kakar,Pharmacy,Tier 2,2024-11-26,2,2,2026-07-01,Gold
VYP100184,Narain-Nazareth,IT Services,Tier 2,2024-12-04,2,1,,Silver
VYP100185,Mall-Sama,Tours & Travel,Tier 2,2025-08-09,1,0,,Silver
VYP100186,Bumb-Singhal,Pharmacy,Tier 2,2025-07-29,1,2,,Silver
VYP100187,Zacharia Inc,Grocery,Tier 3,2025-09-01,2,0,,Silver
VYP100188,Kapur-Biswas,IT Services,Tier 3,2025-04-07,1,3,,Silver
VYP100189,"Baria, Balasubramanian and Kota",Pharmacy,Tier 2,2025-01-08,1,1,,Silver
VYP100190,Bahri PLC,Furniture,Tier 1,2025-06-17,1,1,,Silver
VYP100191,Khare and Sons,Pharmacy,Tier 3,2025-05-14,1,1,2026-08-01,Gold
VYP100192,Contractor-Kamdar,Grocery,Tier 1,2025-08-11,1,1,2026-07-01,Gold
VYP100193,Kunda-Pillay,Garments,Tier 2,2025-09-29,1,2,2026-08-01,Gold
VYP100194,Contractor and Sons,Grocery,Tier 3,2024-11-17,2,1,,Silver
VYP100195,Chokshi-Bal,Grocery,Tier 2,2024-07-26,3,1,,Silver
VYP100196,Prashad-Ranganathan,Mobile & Accessories,Tier 3,2025-08-08,1,1,,Silver
VYP100197,"Issac, Borra and Kibe",Furniture,Tier 2,2024-06-24,3,1,,Silver
VYP100198,Mitra Ltd,Grocery,Tier 2,2025-01-18,1,1,,Silver
VYP100199,"Dara, Barman and Palan",Pharmacy,Tier 1,2025-11-05,3,2,,Silver
VYP100200,"Sangha, Prabhakar and Biswas",IT Services,Tier 1,2025-06-15,3,3,,Silver
VYP100201,"Om, Arora and Salvi",Automobile,Tier 2,2026-02-28,1,1,,Silver
VYP100202,Cherian-Sant,Electrical Services,tier 1,2026-02-05,2,2,,Silver
VYP100203,Sharaf-Dua,Grocery,Tier 3,2025-07-06,3,1,,Silver
VYP100204,Goda-Vig,Grocery,tier 1,2025-04-12,3,2,,Silver
VYP100205,"Madan, Yohannan and Sule",Pharmacy,Tier 2,2024-08-08,3,1,2026-07-01,Gold
VYP100206,Sarin-Loyal,Grocery,tier 3,2025-11-29,2,0,,Silver
VYP100207,Korpal-Chadha,Tours & Travel,Tier 3,2024-07-09,1,2,,Silver
VYP100208,Seshadri-Kohli,Grocery,Tier 2,2025-09-18,2,0,,Silver
VYP100209,Raghavan-Nayar,Electrical Services,Tier 2,2025-11-26,2,0,,Silver
VYP100210,Talwar LLC,Tours & Travel,Tier 3,2024-10-18,2,1,,Silver
VYP100211,Sura and Sons,Mobile & Accessories,Tier 2,2024-08-25,1,2,,Silver
VYP100212,Kuruvilla-Oak,Grocery,tier 3,2024-12-25,2,1,,Silver
VYP100213,Majumdar-Anne,Garments,Tier 3,2025-12-12,1,1,,Silver
VYP100214,"Halder, Chada and Khurana",IT Services,Tier 3,2025-12-12,2,1,,Silver
VYP100215,"Ray, Suresh and Khosla",IT Services,Tier 1,2025-05-29,1,2,,Silver
VYP100216,"Soni, Swaminathan and Sem",Grocery,Tier 2,2025-04-15,2,2,,Silver
VYP100217,Chander LLC,Grocery,Tier 1,2024-03-17,2,0,,Silver
VYP100218,Ravel Ltd,Furniture,Tier 2,2025-08-11,1,1,,Silver
VYP100219,Mohan Ltd,Construction,Tier 3,2025-10-18,1,0,2026-06-01,Gold
VYP100220,"Pillay, Solanki and Wali",Pharmacy,Tier 2,2024-04-23,1,1,,Silver
VYP100221,Sandal-Narayanan,Electrical Services,Tier 2,2025-11-15,3,2,,Silver
VYP100222,Setty-Madan,Tours & Travel,Tier 1,2026-02-14,2,0,2026-06-01,Gold
VYP100223,Krishnamurthy-Kashyap,Automobile,Tier 3,2025-05-05,1,1,,Silver
VYP100224,Hans LLC,Pharmacy,Tier 1,2025-05-21,1,1,,Silver
VYP100225,Wason Ltd,Furniture,Tier 1,2024-12-14,1,1,,Silver
VYP100226,Handa and Sons,Grocery,Tier 1,2024-06-12,1,0,,Silver
VYP100227,"Sule, Malhotra and Vohra",Mobile & Accessories,Tier 1,2024-05-03,3,1,,Silver
VYP100228,"Mandal, Chaudhry and Hari",Mobile & Accessories,Tier 2,2025-08-09,2,0,,Silver
VYP100229,Karan-Patel,Grocery,Tier 2,2024-03-29,1,2,,Silver
VYP100230,Mittal Inc,Grocery,Tier 2,2024-12-05,3,4,,Silver
VYP100231,"Walla, Date and Mahal",Construction,Tier 1,2026-01-14,1,3,2026-08-01,Gold
VYP100232,Bhagat PLC,Automobile,Tier 1,2024-04-29,3,1,,Silver
VYP100233,Date-Swaminathan,Mobile & Accessories,Tier 2,2025-11-26,1,2,,Silver
VYP100234,Arora PLC,Furniture,Tier 1,2025-01-06,2,2,,Silver
VYP100235,Singh-Srinivas,Garments,Tier 2,2024-08-13,3,2,2026-08-01,Gold
VYP100236,Oak-Gour,Construction,Tier 1,2025-09-07,1,1,,Silver
VYP100237,Krishnan Group,Garments,Tier 2,2025-08-23,2,2,,Silver
VYP100238,Bhattacharyya Group,Grocery,Tier 2,2025-03-28,3,0,,Silver
VYP100239,Borah-Bera,Grocery,Tier 2,2024-06-06,1,0,,Silver
VYP100240,Dixit PLC,Garments,Tier 1,2025-09-26,1,0,2026-07-01,Gold
VYP100241,Chada-Kothari,Garments,Tier 1,2024-11-13,2,1,,Silver
VYP100242,Saha PLC,Pharmacy,Tier 3,2025-04-14,1,0,,Silver
VYP100243,"Kara, Virk and Rai",Electrical Services,Tier 1,2025-12-15,1,2,,Silver
VYP100244,Savant-Mishra,Mobile & Accessories,Tier 2,2024-10-10,1,3,,Silver
VYP100245,"Sanghvi, Mody and Bhasin",Garments,Tier 2,2024-07-14,2,4,,Silver
VYP100246,"Chaudhary, Johal and Kakar",Mobile & Accessories,Tier 2,2025-01-15,1,1,,Silver
VYP100247,Bumb-Dugar,Construction,Tier 2,2025-10-30,1,3,,Silver
VYP100248,Ghose PLC,Pharmacy,Tier 3,2025-11-13,2,1,,Silver
VYP100249,Dugar Inc,Construction,Tier 3,2025-05-05,1,0,,Silver
VYP100250,Seshadri-Singhal,Tours & Travel,Tier 1,2025-03-06,2,1,,Silver
VYP100251,Bali-Kata,Garments,Tier 2,2025-02-01,1,0,,Silver
VYP100252,Mandal-Setty,Construction,Tier 1,2025-09-11,3,0,,Silver
VYP100253,Kaur LLC,Pharmacy,Tier 2,2025-03-10,2,0,,Silver
VYP100254,"Hora, Sandal and Contractor",Pharmacy,Tier 2,2025-08-05,1,2,,Silver
VYP100255,"Kar, Dixit and Lata",IT Services,Tier 1,2024-10-27,3,0,,Silver
VYP100256,Bora Inc,Garments,Tier 2,2024-08-09,1,1,,Silver
VYP100257,Mohanty PLC,Grocery,Tier 3,2024-11-21,1,1,,Silver
VYP100258,"Mani, Sarna and Dash",Grocery,Tier 1,2026-03-05,1,1,,Silver
VYP100259,Modi-Rau,Mobile & Accessories,Tier 2,2024-03-21,2,1,,Silver
VYP100260,Tella-Zacharia,Grocery,Tier 3,2026-02-16,1,4,2026-06-01,Gold
VYP100261,Sarma-Buch,Garments,Tier 1,2024-03-16,1,2,,Silver
VYP100262,"Baral, Sankaran and Naidu",Pharmacy,Tier 1,2026-02-11,1,1,,Silver
VYP100263,"Krishna, Bal and Chand",Grocery,Tier 1,2025-02-27,1,3,,Silver
VYP100264,Bail Ltd,Furniture,Tier 3,2025-12-19,1,0,,Silver
VYP100265,Baria-Gill,Grocery,Tier 1,2025-12-27,1,1,,Silver
VYP100266,Venkataraman-Sathe,Pharmacy,Tier 1,2024-10-29,1,2,2026-07-01,Gold
VYP100267,Golla-Sarin,Grocery,Tier 1,2024-09-27,1,0,,Silver
VYP100268,"Swamy, Chand and Singhal",Grocery,Tier 1,2025-12-10,2,0,2026-08-01,Gold
VYP100269,Rege-Nath,Grocery,Tier 2,2024-04-01,1,1,,Silver
VYP100270,Cheema-Dyal,Grocery,Tier 1,2025-07-18,2,0,,Silver
VYP100271,Sabharwal-Tandon,Grocery,Tier 2,2025-07-19,1,1,,Silver
VYP100272,Rattan-Bansal,Grocery,Tier 2,2025-08-04,1,1,,Silver
VYP100273,Chakrabarti-Murty,Mobile & Accessories,Tier 3,2025-04-07,1,1,,Silver
VYP100274,Naik-D’Alia,Tours & Travel,Tier 1,2025-10-28,1,3,,Silver
VYP100275,Varkey-Agarwal,Construction,Tier 3,2025-05-04,1,2,2026-06-01,Gold
VYP100276,"Shere, Sachdev and Bhagat",Pharmacy,Tier 2,2025-10-05,2,1,,Silver
VYP100277,Vasa LLC,Electrical Services,Tier 1,2026-01-27,1,0,,Silver
VYP100278,"Tara, Sathe and Behl",Furniture,Tier 3,2025-06-13,1,1,2026-08-01,Gold
VYP100279,Loke PLC,Garments,Tier 3,2024-11-06,2,1,,Silver
VYP100280,Mani Group,Grocery,Tier 1,2024-09-02,1,1,,Silver
VYP100281,"Sundaram, Dara and Balakrishnan",Grocery,tier 3,2025-06-24,1,1,2026-06-01,Gold
VYP100282,"Khatri, Dutt and Mukhopadhyay",Pharmacy,Tier 2,2025-07-15,1,0,,Silver
VYP100283,"Atwal, Reddy and Chander",Pharmacy,Tier 2,2024-08-16,1,0,,Silver
VYP100284,Comar Group,Mobile & Accessories,Tier 3,2024-10-31,1,0,2026-07-01,Gold
VYP100285,Dube Group,Construction,Tier 2,2024-07-14,2,0,,Silver
VYP100286,"Manne, Upadhyay and Mahajan",Grocery,Tier 3,2024-05-22,3,0,,Silver
VYP100287,Subramanian-Sodhi,Pharmacy,Tier 2,2024-07-22,1,1,,Silver
VYP100288,Shan PLC,Electrical Services,Tier 3,2024-04-30,2,0,,Silver
VYP100289,Rajagopal and Sons,Grocery,Tier 2,2025-05-10,2,0,,Silver
VYP100290,"Trivedi, Deshpande and Boase",Garments,Tier 1,2025-05-25,1,0,,Silver
VYP100291,Sachdeva-Oak,Grocery,Tier 2,2025-07-17,2,1,,Silver
VYP100292,"Loke, Agate and Mandal",Furniture,Tier 2,2025-09-17,2,1,,Silver
VYP100293,"Misra, Suri and Dixit",Grocery,Tier 1,2024-09-12,3,0,2026-06-01,Gold
VYP100294,Yohannan-Sule,Garments,Tier 1,2024-10-07,3,1,,Silver
VYP100295,Natarajan-Purohit,Furniture,Tier 2,2024-08-05,1,0,,Silver
VYP100296,Nagy-Gulati,Automobile,tier 1,2025-11-05,1,0,,Silver
VYP100297,"Khare, Rajagopal and Kaur",Garments,Tier 1,2025-03-17,1,4,,Silver
VYP100298,Bassi-Nadkarni,IT Services,tier 3,2025-09-27,1,1,,Silver
VYP100299,"Solanki, Raj and Raju",Tours & Travel,Tier 3,2024-06-01,1,1,,Silver
VYP100300,"Doshi, Tandon and Bansal",IT Services,Tier 3,2025-08-25,3,2,2026-06-01,Gold
VYP100301,Thakkar PLC,Grocery,Tier 2,2025-11-22,1,2,,Silver
VYP100302,Chaudhry-Sarraf,Electrical Services,Tier 3,2025-01-19,1,1,,Silver
VYP100303,Vora Group,Electrical Services,Tier 2,2024-06-11,2,3,,Silver
VYP100304,Dhawan Group,Garments,Tier 1,2024-05-15,1,2,,Silver
VYP100305,"Dubey, Borde and Singh",Construction,Tier 1,2025-12-26,1,0,,Silver
VYP100306,Nigam-Rao,Construction,Tier 2,2025-07-14,3,0,,Silver
VYP100307,"Buch, Narasimhan and Walla",Mobile & Accessories,Tier 1,2025-11-15,1,1,,Silver
VYP100308,Nadig-Sura,Pharmacy,Tier 2,2025-07-27,1,2,,Silver
VYP100309,"Banik, Biswas and Keer",Grocery,Tier 3,2025-02-14,1,0,,Silver
VYP100310,"Mani, Karan and Chana",Electrical Services,Tier 1,2025-08-15,3,1,,Silver
VYP100311,Chaudhari-Chaudhry,Construction,Tier 1,2026-01-16,1,2,,Silver
VYP100312,Ganesan-Mistry,Pharmacy,Tier 3,2025-03-03,1,1,,Silver
VYP100313,Batra LLC,Pharmacy,Tier 2,2026-01-26,1,1,,Silver
VYP100314,Memon LLC,Pharmacy,Tier 1,2025-09-23,1,3,,Silver
VYP100315,Sankar-Dhingra,Pharmacy,Tier 3,2026-03-05,3,1,,Silver
VYP100316,Wali Group,Pharmacy,Tier 3,2026-01-02,1,0,2026-07-01,Gold
VYP100317,"Gole, Garde and Gill",Tours & Travel,Tier 2,2025-04-25,3,0,2026-06-01,Gold
VYP100318,Raja PLC,Pharmacy,Tier 2,2024-07-01,1,1,,Silver
VYP100319,"Khosla, Tank and Dhar",Automobile,Tier 1,2024-08-25,1,1,,Silver
VYP100320,Shenoy Ltd,Furniture,Tier 1,2025-12-24,3,0,,Silver
VYP100321,Sharaf-Kumer,Electrical Services,Tier 2,2026-02-08,1,1,,Silver
VYP100322,"Andra, Shroff and Mani",Pharmacy,Tier 1,2025-07-05,1,3,,Silver
VYP100323,"Dugar, Borah and Sathe",Electrical Services,Tier 2,2024-11-21,3,1,,Silver
VYP100324,Mistry-Samra,Garments,Tier 3,2024-09-14,1,2,2026-07-01,Gold
VYP100325,"Krishna, Shan and Mittal",Tours & Travel,Tier 1,2024-07-21,1,0,,Silver
VYP100326,Rajagopalan Group,Garments,Tier 2,2025-07-02,3,0,,Silver
VYP100327,Khalsa Group,Electrical Services,Tier 1,2025-11-05,1,0,,Silver
VYP100328,"Parmer, Merchant and Merchant",Mobile & Accessories,Tier 3,2026-02-15,1,3,,Silver
VYP100329,Randhawa LLC,Pharmacy,Tier 1,2025-11-20,1,1,,Silver
VYP100330,Bawa PLC,IT Services,Tier 2,2026-01-18,1,1,,Silver
VYP100331,"Taneja, Mangat and Karpe",Grocery,Tier 2,2024-06-24,1,0,,Silver
VYP100332,"Pandey, Kanda and Gupta",Tours & Travel,Tier 2,2025-08-24,2,1,,Silver
VYP100333,"Krishna, Devan and Chatterjee",Garments,Tier 2,2024-07-21,1,2,,Silver
VYP100334,"Baral, More and Sastry",Grocery,Tier 3,2025-01-31,2,3,,Silver
VYP100335,Patla Ltd,Mobile & Accessories,Tier 2,2025-02-10,1,3,,Silver
VYP100336,Chana LLC,Grocery,Tier 3,2025-04-12,1,0,,Silver
VYP100337,Sagar-Gill,IT Services,Tier 3,2024-07-24,1,0,,Silver
VYP100338,Deo PLC,Grocery,Tier 2,2026-02-02,2,1,,Silver
VYP100339,Wali-Thaker,Furniture,Tier 2,2025-12-29,1,0,2026-08-01,Gold
VYP100340,Gala-Kurian,Grocery,Tier 1,2025-05-05,1,0,,Silver
VYP100341,Merchant-Nigam,Automobile,Tier 3,2025-05-25,3,1,2026-07-01,Gold
VYP100342,Sidhu Inc,Garments,Tier 2,2025-02-06,2,3,,Silver
VYP100343,Kara Ltd,Mobile & Accessories,Tier 2,2024-09-20,1,2,,Silver
VYP100344,"Ranganathan, Pau and Chana",Garments,Tier 1,2025-01-06,3,1,,Silver
VYP100345,Atwal-Lalla,Garments,Tier 3,2025-09-01,1,1,,Silver
VYP100346,"Dasgupta, Sha and Pillay",Automobile,Tier 2,2025-07-13,1,2,,Silver
VYP100347,"Lala, Raj and Prabhu",Pharmacy,Tier 2,2024-09-10,1,1,2026-06-01,Gold
VYP100348,Kaur Group,Mobile & Accessories,Tier 1,2025-10-11,1,2,,Silver
VYP100349,Narang PLC,Grocery,Tier 3,2025-03-07,1,0,,Silver
VYP100350,Bhatnagar Ltd,Mobile & Accessories,Tier 1,2025-02-11,2,1,,Silver
VYP100351,Mittal-Rege,Grocery,Tier 1,2024-09-11,1,3,2026-08-01,Gold
VYP100352,Dey Inc,Mobile & Accessories,Tier 3,2024-10-07,2,2,,Silver
VYP100353,Modi Group,Mobile & Accessories,Tier 3,2025-04-05,3,1,,Silver
VYP100354,Chatterjee and Sons,Construction,Tier 1,2025-07-26,2,1,,Silver
VYP100355,"Deshmukh, Rama and Setty",Electrical Services,Tier 2,2025-06-14,2,1,,Silver
VYP100356,Zachariah-Saini,IT Services,Tier 3,2025-05-13,2,1,,Silver
VYP100357,"Dubey, Sachdeva and Chaudhary",Garments,Tier 3,2025-09-29,3,0,,Silver
VYP100358,Reddy-Mammen,Electrical Services,Tier 2,2024-12-10,1,2,,Silver
VYP100359,Prabhakar and Sons,Mobile & Accessories,Tier 2,2025-10-06,1,1,,Silver
VYP100360,Saxena-Keer,Furniture,tier 3,2024-11-23,1,0,,Silver
VYP100361,Chaudhary-Pillai,Grocery,Tier 3,2024-09-10,1,0,,Silver
VYP100362,"Parmer, Bhat and Rao",Grocery,Tier 3,2024-04-12,1,3,,Silver
VYP100363,Gupta-Das,Grocery,Tier 2,2025-12-10,2,0,,Silver
VYP100364,Chand-Kala,Tours & Travel,Tier 1,2024-09-04,1,1,,Silver
VYP100365,"Bail, Bedi and Nath",Construction,Tier 3,2026-01-03,3,3,,Silver
VYP100366,Dass PLC,IT Services,Tier 3,2025-07-06,1,2,2026-07-01,Gold
VYP100367,Biswas PLC,Tours & Travel,Tier 3,2025-10-30,1,1,,Silver
VYP100368,Kalita and Sons,Pharmacy,Tier 1,2025-11-09,1,1,,Silver
VYP100369,Divan-Agate,Furniture,Tier 1,2025-10-30,1,3,2026-07-01,Gold
VYP100370,Dhillon-De,IT Services,Tier 3,2026-02-02,1,1,,Silver
VYP100371,"Krishna, Ghosh and Choudhary",Pharmacy,tier 1,2024-07-21,1,0,,Silver
VYP100372,"Bal, Deep and Aurora",Pharmacy,Tier 3,2026-01-20,1,0,,Silver
VYP100373,Khanna-Naik,Pharmacy,Tier 2,2025-05-23,1,1,2026-07-01,Gold
VYP100374,Ghosh LLC,Grocery,Tier 3,2024-10-18,1,0,,Silver
VYP100375,Date Ltd,Grocery,Tier 3,2024-03-22,1,2,,Silver
VYP100376,Vora-Comar,Furniture,Tier 2,2024-06-29,1,1,,Silver
VYP100377,"Bhatt, Soni and Sen",Construction,Tier 2,2025-11-27,1,2,,Silver
VYP100378,Varghese-Chopra,Construction,Tier 2,2024-03-24,1,5,,Silver
VYP100379,Thakur-Kant,IT Services,Tier 2,2024-11-20,1,2,,Silver
VYP100380,"Bassi, Verma and Mitra",Mobile & Accessories,Tier 2,2025-10-27,1,0,,Silver
VYP100381,Balasubramanian-Bhat,Furniture,Tier 2,2025-04-16,2,0,,Silver
VYP100382,Ratti-Sandhu,Garments,Tier 3,2024-05-14,3,3,,Silver
VYP100383,"Chokshi, Swaminathan and Sawhney",Electrical Services,Tier 2,2025-05-27,3,0,,Silver
VYP100384,Buch LLC,Pharmacy,Tier 1,2025-10-24,1,1,,Silver
VYP100385,"Divan, Bhatti and Date",Automobile,Tier 2,2024-06-13,1,5,,Silver
VYP100386,Nair-Raj,IT Services,Tier 2,2024-04-18,1,0,,Silver
VYP100387,"Wali, Menon and Setty",Automobile,Tier 1,2024-04-02,2,0,,Silver
VYP100388,"Sani, Chaudhary and Contractor",Grocery,Tier 1,2024-04-16,2,1,,Silver
VYP100389,"Kale, Sani and Seth",Garments,Tier 2,2024-06-15,2,0,,Silver
VYP100390,Sachdev LLC,Mobile & Accessories,Tier 2,2025-04-12,3,1,,Silver
VYP100391,Rastogi-Sagar,Grocery,Tier 3,2025-10-18,1,4,2026-06-01,Gold
VYP100392,"Chandran, Munshi and Sane",Mobile & Accessories,Tier 1,2024-12-16,2,1,,Silver
VYP100393,Kumer-Prasad,Tours & Travel,Tier 1,2025-09-28,2,1,,Silver
VYP100394,Som Inc,Grocery,Tier 3,2025-03-30,1,0,,Silver
VYP100395,Chada Inc,Construction,Tier 3,2024-11-18,3,2,,Silver
VYP100396,Char-Pradhan,Garments,Tier 1,2024-04-23,1,1,,Silver
VYP100397,Bhasin PLC,Pharmacy,Tier 1,2025-08-09,3,1,,Silver
VYP100398,"Narayan, Das and Roy",Construction,Tier 1,2025-09-05,2,0,,Silver
VYP100399,Sampath-Behl,Construction,Tier 2,2024-09-22,1,0,,Silver
VYP100400,Muni-Pandey,Pharmacy,Tier 2,2026-03-01,2,1,,Silver
VYP100401,Tripathi and Sons,Furniture,Tier 1,2025-01-22,1,1,,Silver
VYP100402,Subramaniam and Sons,Garments,Tier 1,2024-09-14,2,0,,Silver
VYP100403,Palla PLC,Grocery,Tier 2,2025-02-02,2,1,2026-07-01,Gold
VYP100404,Contractor-Mallick,Automobile,Tier 3,2025-06-02,2,2,,Silver
VYP100405,"Kara, Sanghvi and Bal",Furniture,Tier 2,2024-07-17,3,1,,Silver
VYP100406,"Loke, Balakrishnan and Gole",Pharmacy,Tier 2,2025-06-11,1,0,,Silver
VYP100407,More-Nori,Garments,Tier 1,2024-10-10,1,3,,Silver
VYP100408,Ahuja-Golla,Grocery,Tier 1,2025-04-05,1,1,,Silver
VYP100409,Rattan Inc,Automobile,Tier 1,2026-02-14,1,1,2026-07-01,Gold
VYP100410,Balasubramanian Inc,Tours & Travel,Tier 3,2025-02-17,1,1,2026-06-01,Gold
VYP100411,"Wali, Kale and Puri",Tours & Travel,Tier 3,2026-01-29,1,3,,Silver
VYP100412,Setty-Om,Grocery,Tier 3,2024-05-04,1,1,,Silver
VYP100413,Pingle LLC,Furniture,tier 3,2024-12-27,1,0,,Silver
VYP100414,"Nair, Chad and Ben",Grocery,Tier 3,2025-06-11,3,1,,Silver
VYP100415,Dugar PLC,Pharmacy,Tier 3,2025-03-20,1,0,,Silver
VYP100416,Bumb LLC,Grocery,Tier 1,2024-12-15,3,0,,Silver
VYP100417,Samra-Sunder,IT Services,Tier 1,2025-08-30,1,1,,Silver
VYP100418,"Sathe, Sachdeva and Mahajan",Grocery,Tier 2,2025-08-10,1,0,2026-07-01,Gold
VYP100419,Vala Inc,Furniture,Tier 2,2025-05-08,1,1,,Silver
VYP100420,Sani-Choudhry,Tours & Travel,Tier 1,2025-08-31,1,2,,Silver
VYP100421,Sur-Vyas,Grocery,Tier 3,2024-09-06,1,2,,Silver
VYP100422,"Morar, Bath and Kannan",Grocery,Tier 2,2025-12-21,1,0,,Silver
VYP100423,Bhakta-Amble,Grocery,Tier 2,2024-07-18,1,0,2026-08-01,Gold
VYP100424,Mitra and Sons,Mobile & Accessories,Tier 1,2025-06-28,1,0,,Silver
VYP100425,Kumer LLC,Garments,Tier 1,2025-01-25,2,3,,Silver
VYP100426,Dar-Amble,Pharmacy,Tier 1,2025-11-12,1,2,,Silver
VYP100427,Sani-Gill,Garments,Tier 3,2025-06-01,2,2,,Silver
VYP100428,Rai PLC,Grocery,Tier 2,2024-09-08,1,2,,Silver
VYP100429,"Karpe, Tella and Pandya",Garments,Tier 3,2025-08-23,3,1,,Silver
VYP100430,Ranganathan Ltd,Furniture,Tier 1,2025-11-30,2,0,,Silver
VYP100431,Sarin Inc,IT Services,Tier 2,2025-02-23,3,0,,Silver
VYP100432,Brahmbhatt-Munshi,Tours & Travel,Tier 2,2025-11-09,2,2,,Silver
VYP100433,"Sanghvi, Ravel and Sahni",Garments,Tier 3,2025-07-22,1,0,,Silver
VYP100434,Contractor-Ravel,Grocery,Tier 3,2025-04-15,1,0,2026-07-01,Gold
VYP100435,Nair and Sons,Grocery,Tier 1,2025-01-23,1,0,,Silver
VYP100436,"Sharma, Pathak and Chakrabarti",Grocery,Tier 3,2024-11-30,2,2,,Silver
VYP100437,Cherian-Kohli,Electrical Services,Tier 1,2024-11-03,2,1,,Silver
VYP100438,Rattan-Viswanathan,IT Services,Tier 3,2024-07-06,1,0,,Silver
VYP100439,Randhawa LLC,Mobile & Accessories,Tier 1,2026-01-17,3,0,,Silver
VYP100440,"Nori, Kant and Nath",Garments,Tier 1,2025-06-18,1,6,,Silver
VYP100441,Bose PLC,Grocery,Tier 3,2026-03-05,2,0,,Silver
VYP100442,"Comar, Wali and Uppal",IT Services,Tier 1,2026-02-27,2,0,,Silver
VYP100443,Palla LLC,Grocery,Tier 2,2025-10-04,1,0,,Silver
VYP100444,"Divan, Keer and Chauhan",Pharmacy,Tier 2,2024-12-30,2,0,,Silver
VYP100445,Kunda and Sons,IT Services,Tier 1,2024-05-30,2,1,,Silver
VYP100446,Dua Ltd,Automobile,Tier 3,2024-08-26,1,2,,Silver
VYP100447,Goel Ltd,Mobile & Accessories,Tier 3,2024-11-25,1,1,,Silver
VYP100448,Shetty-Sen,Grocery,Tier 3,2024-08-22,1,0,,Silver
VYP100449,"Naidu, Mutti and Dora",Mobile & Accessories,Tier 2,2025-11-02,2,0,,Silver
VYP100450,Bir-Singh,Grocery,Tier 2,2024-07-09,1,1,,Silver
VYP100451,Mitter-Maharaj,Furniture,Tier 1,2024-06-03,3,3,,Silver
VYP100452,"Bhalla, Pandey and Tripathi",IT Services,Tier 1,2025-12-27,3,2,,Silver
VYP100453,Mukherjee Group,Grocery,Tier 1,2025-04-01,1,2,,Silver
VYP100454,Barad-Bhandari,Grocery,Tier 3,2024-07-16,1,0,,Silver
VYP100455,Mangat-Bose,Grocery,Tier 3,2025-03-28,2,1,,Silver
VYP100456,"Chana, Tripathi and Rajagopalan",Automobile,Tier 3,2024-07-08,2,0,2026-06-01,Gold
VYP100457,Barman-Sengupta,Construction,Tier 2,2024-05-01,1,0,,Silver
VYP100458,"Guha, Nagy and Soni",Garments,Tier 2,2025-03-29,1,1,,Silver
VYP100459,"Dora, Bhatia and Seshadri",Mobile & Accessories,Tier 2,2026-01-22,1,1,,Silver
VYP100460,Oza Ltd,Mobile & Accessories,Tier 2,2025-07-04,3,3,,Silver
VYP100461,Thaman Ltd,Grocery,Tier 2,2025-10-02,1,0,,Silver
VYP100462,Baral and Sons,Automobile,Tier 1,2025-03-29,3,1,,Silver
VYP100463,"Sarma, Sarna and Viswanathan",Pharmacy,Tier 1,2025-01-08,1,4,,Silver
VYP100464,"Dutt, Patla and Pradhan",Mobile & Accessories,Tier 3,2025-04-05,3,0,,Silver
VYP100465,Ram-Rege,Tours & Travel,Tier 2,2025-10-16,1,1,,Silver
VYP100466,Ben-Natt,Tours & Travel,Tier 3,2025-08-01,1,1,,Silver
VYP100467,Narayan Inc,Automobile,Tier 1,2024-11-01,3,1,,Silver
VYP100468,"Raju, Mander and Krishnan",Grocery,Tier 2,2026-02-14,3,0,,Silver
VYP100469,"Doctor, Nath and Bumb",Electrical Services,Tier 1,2025-10-02,1,0,,Silver
VYP100470,"Dhaliwal, Palla and Mukherjee",Construction,Tier 1,2024-06-01,1,1,2026-08-01,Gold
VYP100471,"Ramanathan, Dayal and Chad",Electrical Services,Tier 1,2025-12-24,1,1,,Silver
VYP100472,Puri-Narasimhan,Grocery,Tier 1,2025-05-11,1,0,,Silver
VYP100473,Vyas Inc,Grocery,Tier 3,2025-10-07,1,0,,Silver
VYP100474,"Sampath, Trivedi and Pathak",Pharmacy,Tier 2,2025-12-20,3,2,,Silver
VYP100475,Patil LLC,Pharmacy,Tier 2,2025-05-05,1,3,2026-07-01,Gold
VYP100476,Kala LLC,Construction,Tier 2,2025-02-23,2,2,,Silver
VYP100477,Handa-Kara,Mobile & Accessories,Tier 2,2025-10-30,1,1,,Silver
VYP100478,Dubey Inc,Mobile & Accessories,Tier 2,2026-01-08,1,0,2026-07-01,Gold
VYP100479,Chaudhuri-Tripathi,Construction,Tier 1,2025-11-29,2,1,,Silver
VYP100480,"Vyas, Barad and Nayar",Construction,Tier 3,2024-11-21,1,0,,Silver
VYP100481,"Deep, Puri and Dube",Grocery,tier 3,2024-06-24,2,0,2026-07-01,Gold
VYP100482,Golla Ltd,Mobile & Accessories,Tier 3,2025-10-27,1,0,,Silver
VYP100483,"Gandhi, Sarma and Bassi",Pharmacy,Tier 2,2025-07-18,3,2,,Silver
VYP100484,Patla-Khanna,Grocery,Tier 1,2025-07-01,2,0,,Silver
VYP100485,Mane-Sen,Construction,Tier 3,2025-06-19,3,1,,Silver
VYP100486,Walla and Sons,Electrical Services,Tier 2,2025-09-11,1,2,,Silver
VYP100487,Singh-Hari,Pharmacy,Tier 1,2026-01-25,1,3,,Silver
VYP100488,Sastry-Shenoy,Mobile & Accessories,Tier 2,2025-02-20,1,1,,Silver
VYP100489,Raja-Thakkar,Mobile & Accessories,Tier 3,2025-06-21,1,1,,Silver
VYP100490,"Sahota, Edwin and Iyengar",IT Services,Tier 2,2025-07-02,1,0,,Silver
VYP100491,"Devi, Krishna and Ben",Tours & Travel,Tier 3,2025-08-27,1,2,,Silver
VYP100492,"Srivastava, Prabhu and Chauhan",Tours & Travel,Tier 3,2024-05-05,1,0,2026-08-01,Gold
VYP100493,"Varty, Dash and Mane",Pharmacy,Tier 1,2024-12-21,1,0,,Silver
VYP100494,Dyal LLC,Garments,Tier 3,2025-05-08,1,1,,Silver
VYP100495,Varghese-Din,Mobile & Accessories,Tier 2,2025-10-09,1,3,,Silver
VYP100496,Chand-Kapadia,Construction,Tier 2,2024-08-06,1,0,,Silver
VYP100497,Palla-Bala,Mobile & Accessories,Tier 1,2024-06-04,2,0,,Silver
VYP100498,Bera-Randhawa,Pharmacy,Tier 3,2026-02-10,1,1,,Silver
VYP100499,"Prakash, Keer and Raju",Electrical Services,Tier 1,2024-05-05,1,0,,Silver
